Qtd_Colunas,Colunas,Silhouette_Score,Perc_acertos_class,K_melhor
4,"Classification Key,Country,Subregion,Region",0.3554244394394829,99.1973657131097,9
4,"Classification Key,Country,Subregion,OFDA/BHA Response",0.3831577876798739,99.42374974274541,9
4,"Classification Key,Country,Subregion,Appeal",0.39507012612102893,99.56781230705907,10
4,"Classification Key,Country,Subregion,Declaration",0.39870750200603483,99.56781230705907,9
4,"Classification Key,Country,Subregion,Start Year",0.26270082406599915,97.18048981271866,9
4,"Classification Key,Country,Subregion,Start Month",0.2604534046386422,97.53035604033752,10
4,"Classification Key,Country,Subregion,Total Deaths",0.3707993711383832,99.44433010907593,7
4,"Classification Key,Country,Subregion,No. Injured",0.37398172427880905,99.32084791109281,6
4,"Classification Key,Country,Subregion,No. Affected",0.3233020242775203,99.25910681210125,6
4,"Classification Key,Country,Subregion,No. Homeless",0.37835556328827535,99.34142827742333,9
4,"Classification Key,Country,Subregion,Total Affected",0.32759734274875546,98.88866021815188,10
4,"Classification Key,Country,Subregion,Number of Days",0.3510986320330721,99.32084791109281,6
4,"Classification Key,Country,Subregion,Total Impacted",0.3275973898199392,98.86807985182136,10
4,"Classification Key,Country,Subregion,Fatality Rate",0.3165001806643077,99.03272278246553,7
4,"Classification Key,Country,Subregion,Insured Damage ('000 US$)_corrigido",0.35852252282206915,99.17678534677917,10
4,"Classification Key,Country,Subregion,Total Damage ('000 US$)_corrigido",0.3550201897464816,99.52665157439803,7
4,"Classification Key,Country,Region,OFDA/BHA Response",0.36075902776603036,99.73245523770323,10
4,"Classification Key,Country,Region,Appeal",0.3412148178883686,99.65013377238114,10
4,"Classification Key,Country,Region,Declaration",0.36456823679428213,99.87651780201688,10
4,"Classification Key,Country,Region,Start Year",0.24812351149818399,97.63325787199012,9
4,"Classification Key,Country,Region,Start Month",0.22709655201419043,97.81848116896481,8
4,"Classification Key,Country,Region,Total Deaths",0.33726307406455597,99.65013377238114,7
4,"Classification Key,Country,Region,No. Injured",0.3429516076827499,99.65013377238114,7
4,"Classification Key,Country,Region,No. Affected",0.32093434250286496,99.60897303972011,8
4,"Classification Key,Country,Region,No. Homeless",0.3209474949228742,99.34142827742333,10
4,"Classification Key,Country,Region,Total Affected",0.3108350775977603,99.50607120806751,5
4,"Classification Key,Country,Region,Number of Days",0.3143228863622597,99.17678534677917,7
4,"Classification Key,Country,Region,Total Impacted",0.3262549303629015,99.6912945050422,8
4,"Classification Key,Country,Region,Fatality Rate",0.2803601921901724,99.15620498044865,6
4,"Classification Key,Country,Region,Insured Damage ('000 US$)_corrigido",0.33087982229451096,99.48549084173698,9
4,"Classification Key,Country,Region,Total Damage ('000 US$)_corrigido",0.3272161152367963,99.012142416135,10
4,"Classification Key,Country,OFDA/BHA Response,Appeal",0.4597782328466895,99.60897303972011,7
4,"Classification Key,Country,OFDA/BHA Response,Declaration",0.46181900813669197,99.73245523770323,6
4,"Classification Key,Country,OFDA/BHA Response,Start Year",0.3239249559855497,98.41531179254991,7
4,"Classification Key,Country,OFDA/BHA Response,Start Month",0.3121870124275691,98.92982095081292,7
4,"Classification Key,Country,OFDA/BHA Response,Total Deaths",0.4240032800482953,99.46491047540647,5
4,"Classification Key,Country,OFDA/BHA Response,No. Injured",0.43695056624996775,99.67071413871167,6
4,"Classification Key,Country,OFDA/BHA Response,No. Affected",0.4161678040208233,99.32084791109281,9
4,"Classification Key,Country,OFDA/BHA Response,No. Homeless",0.4500870781240427,99.54723194072854,5
4,"Classification Key,Country,OFDA/BHA Response,Total Affected",0.41465263311636524,99.56781230705907,6
4,"Classification Key,Country,OFDA/BHA Response,Number of Days",0.3991531746620256,99.03272278246553,10
4,"Classification Key,Country,OFDA/BHA Response,Total Impacted",0.4070151446609638,99.7941963366948,4
4,"Classification Key,Country,OFDA/BHA Response,Fatality Rate",0.3861231972596764,99.11504424778761,6
4,"Classification Key,Country,OFDA/BHA Response,Insured Damage ('000 US$)_corrigido",0.41909017258448783,99.60897303972011,5
4,"Classification Key,Country,OFDA/BHA Response,Total Damage ('000 US$)_corrigido",0.4135052406355263,99.23852644577073,8
4,"Classification Key,Country,Appeal,Declaration",0.4618227007740488,99.8970981683474,7
4,"Classification Key,Country,Appeal,Start Year",0.3279539063813726,98.41531179254991,8
4,"Classification Key,Country,Appeal,Start Month",0.3032035669478239,99.17678534677917,9
4,"Classification Key,Country,Appeal,Total Deaths",0.44177831216080826,99.83535706935584,5
4,"Classification Key,Country,Appeal,No. Injured",0.4087402255059633,99.65013377238114,5
4,"Classification Key,Country,Appeal,No. Affected",0.3925258245638503,99.44433010907593,5
4,"Classification Key,Country,Appeal,No. Homeless",0.4422696195900374,99.71187487137271,5
4,"Classification Key,Country,Appeal,Total Affected",0.41725062718656153,99.73245523770323,5
4,"Classification Key,Country,Appeal,Number of Days",0.3958438778272971,99.48549084173698,6
4,"Classification Key,Country,Appeal,Total Impacted",0.417250946670215,99.75303560403374,5
4,"Classification Key,Country,Appeal,Fatality Rate",0.4011992508010732,99.44433010907593,3
4,"Classification Key,Country,Appeal,Insured Damage ('000 US$)_corrigido",0.4264394267321774,99.6912945050422,5
4,"Classification Key,Country,Appeal,Total Damage ('000 US$)_corrigido",0.41298694494215826,99.17678534677917,8
4,"Classification Key,Country,Declaration,Start Year",0.3209583135778782,98.16834739658366,9
4,"Classification Key,Country,Declaration,Start Month",0.30724488125675453,99.25910681210125,8
4,"Classification Key,Country,Declaration,Total Deaths",0.42939376263560614,99.67071413871167,6
4,"Classification Key,Country,Declaration,No. Injured",0.44906472911937106,99.65013377238114,6
4,"Classification Key,Country,Declaration,No. Affected",0.43251581869114775,99.81477670302532,5
4,"Classification Key,Country,Declaration,No. Homeless",0.4211464683474564,99.71187487137271,5
4,"Classification Key,Country,Declaration,Total Affected",0.43248514504928703,99.77361597036428,5
4,"Classification Key,Country,Declaration,Number of Days",0.4356747545584896,99.52665157439803,6
4,"Classification Key,Country,Declaration,Total Impacted",0.4324853753687444,99.77361597036428,5
4,"Classification Key,Country,Declaration,Fatality Rate",0.3784912882220229,99.25910681210125,7
4,"Classification Key,Country,Declaration,Insured Damage ('000 US$)_corrigido",0.42078543849221517,99.44433010907593,6
4,"Classification Key,Country,Declaration,Total Damage ('000 US$)_corrigido",0.4401018179627645,99.73245523770323,5
4,"Classification Key,Country,Start Year,Start Month",0.22193310240399358,95.41057830829389,10
4,"Classification Key,Country,Start Year,Total Deaths",0.30125348094331167,98.14776703025314,8
4,"Classification Key,Country,Start Year,No. Injured",0.3143226912404312,97.88022226795637,7
4,"Classification Key,Country,Start Year,No. Affected",0.30904504589328335,98.1066062975921,8
4,"Classification Key,Country,Start Year,No. Homeless",0.30677201909682933,98.12718666392261,8
4,"Classification Key,Country,Start Year,Total Affected",0.28594363603629297,97.90080263428689,8
4,"Classification Key,Country,Start Year,Number of Days",0.30469466924682664,98.18892776291418,7
4,"Classification Key,Country,Start Year,Total Impacted",0.28594369861293706,97.92138300061741,8
4,"Classification Key,Country,Start Year,Fatality Rate",0.2658136774712349,97.28339164437126,10
4,"Classification Key,Country,Start Year,Insured Damage ('000 US$)_corrigido",0.29154263372478506,97.75674006997325,6
4,"Classification Key,Country,Start Year,Total Damage ('000 US$)_corrigido",0.30600541778194223,98.1066062975921,7
4,"Classification Key,Country,Start Month,Total Deaths",0.2742282104936534,98.20950812924471,9
4,"Classification Key,Country,Start Month,No. Injured",0.28124057466678265,98.43589215888042,10
4,"Classification Key,Country,Start Month,No. Affected",0.27221404615290945,98.39473142621938,8
4,"Classification Key,Country,Start Month,No. Homeless",0.28614570167884523,98.76517802016875,7
4,"Classification Key,Country,Start Month,Total Affected",0.2790664224748478,98.82691911916032,7
4,"Classification Key,Country,Start Month,Number of Days",0.2849312140050687,98.35357069355834,8
4,"Classification Key,Country,Start Month,Total Impacted",0.2722454807739962,98.14776703025314,8
4,"Classification Key,Country,Start Month,Fatality Rate",0.25054784257479507,98.57995472319408,3
4,"Classification Key,Country,Start Month,Insured Damage ('000 US$)_corrigido",0.2845929575131794,98.62111545585512,8
4,"Classification Key,Country,Start Month,Total Damage ('000 US$)_corrigido",0.2746425250070832,98.82691911916032,7
4,"Classification Key,Country,Total Deaths,No. Injured",0.4014199525788504,99.44433010907593,10
4,"Classification Key,Country,Total Deaths,No. Affected",0.39736398151654984,99.07388351512657,10
4,"Classification Key,Country,Total Deaths,No. Homeless",0.39789224891902714,98.9092405844824,10
4,"Classification Key,Country,Total Deaths,Total Affected",0.3799750163817224,99.3002675447623,8
4,"Classification Key,Country,Total Deaths,Number of Days",0.4036693680899741,99.50607120806751,5
4,"Classification Key,Country,Total Deaths,Total Impacted",0.3799754186918533,99.3002675447623,8
4,"Classification Key,Country,Total Deaths,Fatality Rate",0.36181671464959686,99.56781230705907,3
4,"Classification Key,Country,Total Deaths,Insured Damage ('000 US$)_corrigido",0.4015492696771042,99.58839267338958,5
4,"Classification Key,Country,Total Deaths,Total Damage ('000 US$)_corrigido",0.38916491500931716,99.40316937641491,4
4,"Classification Key,Country,No. Injured,No. Affected",0.3762083894973795,99.56781230705907,6
4,"Classification Key,Country,No. Injured,No. Homeless",0.4168999844205507,99.34142827742333,10
4,"Classification Key,Country,No. Injured,Total Affected",0.38204111952285325,99.15620498044865,10
4,"Classification Key,Country,No. Injured,Number of Days",0.3714918275657713,99.21794607944021,8
4,"Classification Key,Country,No. Injured,Total Impacted",0.38204103973000375,99.15620498044865,10
4,"Classification Key,Country,No. Injured,Fatality Rate",0.3712645564804411,99.17678534677917,7
4,"Classification Key,Country,No. Injured,Insured Damage ('000 US$)_corrigido",0.4090805969305762,99.3002675447623,7
4,"Classification Key,Country,No. Injured,Total Damage ('000 US$)_corrigido",0.4179320394970933,99.54723194072854,4
4,"Classification Key,Country,No. Affected,No. Homeless",0.38573328015587216,99.27968717843177,10
4,"Classification Key,Country,No. Affected,Total Affected",0.3790115076998633,99.58839267338958,5
4,"Classification Key,Country,No. Affected,Number of Days",0.3811081411301084,99.52665157439803,4
4,"Classification Key,Country,No. Affected,Total Impacted",0.39063181084110754,99.23852644577073,10
4,"Classification Key,Country,No. Affected,Fatality Rate",0.3543286910673799,99.09446388145709,5
4,"Classification Key,Country,No. Affected,Insured Damage ('000 US$)_corrigido",0.39341096145957455,99.25910681210125,10
4,"Classification Key,Country,No. Affected,Total Damage ('000 US$)_corrigido",0.4018471506238211,99.44433010907593,4
4,"Classification Key,Country,No. Homeless,Total Affected",0.40103177227284775,99.44433010907593,10
4,"Classification Key,Country,No. Homeless,Number of Days",0.41544050512993774,99.42374974274541,5
4,"Classification Key,Country,No. Homeless,Total Impacted",0.40103105350814683,99.44433010907593,10
4,"Classification Key,Country,No. Homeless,Fatality Rate",0.3665593512714572,98.72401728750772,5
4,"Classification Key,Country,No. Homeless,Insured Damage ('000 US$)_corrigido",0.40083595287257334,98.72401728750772,10
4,"Classification Key,Country,No. Homeless,Total Damage ('000 US$)_corrigido",0.3999843035258297,99.44433010907593,7
4,"Classification Key,Country,Total Affected,Number of Days",0.3813511847816303,99.21794607944021,6
4,"Classification Key,Country,Total Affected,Total Impacted",0.3787541908018621,99.60897303972011,5
4,"Classification Key,Country,Total Affected,Fatality Rate",0.3335491764242685,99.44433010907593,3
4,"Classification Key,Country,Total Affected,Insured Damage ('000 US$)_corrigido",0.3953236529909462,99.34142827742333,10
4,"Classification Key,Country,Total Affected,Total Damage ('000 US$)_corrigido",0.3768223149444426,98.99156204980449,8
4,"Classification Key,Country,Number of Days,Total Impacted",0.3813512977808511,99.21794607944021,6
4,"Classification Key,Country,Number of Days,Fatality Rate",0.38404775616470943,99.27968717843177,3
4,"Classification Key,Country,Number of Days,Insured Damage ('000 US$)_corrigido",0.37908446472616597,99.46491047540647,4
4,"Classification Key,Country,Number of Days,Total Damage ('000 US$)_corrigido",0.38266638409105613,99.13562461411813,6
4,"Classification Key,Country,Total Impacted,Fatality Rate",0.3335491949848283,99.44433010907593,3
4,"Classification Key,Country,Total Impacted,Insured Damage ('000 US$)_corrigido",0.39532340673410254,99.34142827742333,10
4,"Classification Key,Country,Total Impacted,Total Damage ('000 US$)_corrigido",0.37682247213267966,99.03272278246553,8
4,"Classification Key,Country,Fatality Rate,Insured Damage ('000 US$)_corrigido",0.36931849768904645,99.09446388145709,7
4,"Classification Key,Country,Fatality Rate,Total Damage ('000 US$)_corrigido",0.3565335981998983,99.15620498044865,5
4,"Classification Key,Country,Insured Damage ('000 US$)_corrigido,Total Damage ('000 US$)_corrigido",0.4173626655405759,99.52665157439803,4
4,"Classification Key,Subregion,Region,OFDA/BHA Response",0.547580415881523,99.91767853467792,10
4,"Classification Key,Subregion,Region,Appeal",0.558560732483243,99.83535706935584,10
4,"Classification Key,Subregion,Region,Declaration",0.5268877559786351,99.93825890100844,10
4,"Classification Key,Subregion,Region,Start Year",0.3225095349948449,99.05330314879605,10
4,"Classification Key,Subregion,Region,Start Month",0.2997077278710355,99.32084791109281,10
4,"Classification Key,Subregion,Region,Total Deaths",0.4894538181575012,99.83535706935584,10
4,"Classification Key,Subregion,Region,No. Injured",0.5324591278323235,99.81477670302532,8
4,"Classification Key,Subregion,Region,No. Affected",0.46413922056932155,99.8970981683474,9
4,"Classification Key,Subregion,Region,No. Homeless",0.5163354302056197,99.81477670302532,10
4,"Classification Key,Subregion,Region,Total Affected",0.5005866481150483,99.73245523770323,10
4,"Classification Key,Subregion,Region,Number of Days",0.479611159998641,99.81477670302532,10
4,"Classification Key,Subregion,Region,Total Impacted",0.46205320126242777,99.81477670302532,6
4,"Classification Key,Subregion,Region,Fatality Rate",0.43055032480389827,99.58839267338958,10
4,"Classification Key,Subregion,Region,Insured Damage ('000 US$)_corrigido",0.5141889844116753,99.77361597036428,10
4,"Classification Key,Subregion,Region,Total Damage ('000 US$)_corrigido",0.48271632865191044,99.81477670302532,8
4,"Classification Key,Subregion,OFDA/BHA Response,Appeal",0.6691965085595616,100.0,3
4,"Classification Key,Subregion,OFDA/BHA Response,Declaration",0.5721915601661138,99.83535706935584,7
4,"Classification Key,Subregion,OFDA/BHA Response,Start Year",0.3891904881044699,99.21794607944021,8
4,"Classification Key,Subregion,OFDA/BHA Response,Start Month",0.3730747276686105,98.72401728750772,9
4,"Classification Key,Subregion,OFDA/BHA Response,Total Deaths",0.5489159936546191,99.91767853467792,5
4,"Classification Key,Subregion,OFDA/BHA Response,No. Injured",0.5530768578924438,99.87651780201688,5
4,"Classification Key,Subregion,OFDA/BHA Response,No. Affected",0.512428768338631,99.71187487137271,9
4,"Classification Key,Subregion,OFDA/BHA Response,No. Homeless",0.5147285069763248,99.7941963366948,4
4,"Classification Key,Subregion,OFDA/BHA Response,Total Affected",0.523051414713921,99.6912945050422,9
4,"Classification Key,Subregion,OFDA/BHA Response,Number of Days",0.5243494583419807,99.6912945050422,6
4,"Classification Key,Subregion,OFDA/BHA Response,Total Impacted",0.5230509395289615,99.71187487137271,9
4,"Classification Key,Subregion,OFDA/BHA Response,Fatality Rate",0.4746341902489693,99.42374974274541,9
4,"Classification Key,Subregion,OFDA/BHA Response,Insured Damage ('000 US$)_corrigido",0.5273837172529097,99.6912945050422,9
4,"Classification Key,Subregion,OFDA/BHA Response,Total Damage ('000 US$)_corrigido",0.5049326206607608,99.60897303972011,10
4,"Classification Key,Subregion,Appeal,Declaration",0.6039665885990991,100.0,3
4,"Classification Key,Subregion,Appeal,Start Year",0.3870854513948731,98.97098168347397,8
4,"Classification Key,Subregion,Appeal,Start Month",0.36945952115213254,99.11504424778761,9
4,"Classification Key,Subregion,Appeal,Total Deaths",0.54144379996228,99.85593743568636,5
4,"Classification Key,Subregion,Appeal,No. Injured",0.5096690315897372,99.62955340605063,9
4,"Classification Key,Subregion,Appeal,No. Affected",0.5309716311512341,99.87651780201688,5
4,"Classification Key,Subregion,Appeal,No. Homeless",0.5237448631268043,99.6912945050422,8
4,"Classification Key,Subregion,Appeal,Total Affected",0.530937910480889,99.87651780201688,5
4,"Classification Key,Subregion,Appeal,Number of Days",0.524064922879809,99.93825890100844,6
4,"Classification Key,Subregion,Appeal,Total Impacted",0.5309380895126251,99.87651780201688,5
4,"Classification Key,Subregion,Appeal,Fatality Rate",0.47299168983493517,99.54723194072854,8
4,"Classification Key,Subregion,Appeal,Insured Damage ('000 US$)_corrigido",0.5334868710089312,99.77361597036428,8
4,"Classification Key,Subregion,Appeal,Total Damage ('000 US$)_corrigido",0.5321388956966581,99.52665157439803,5
4,"Classification Key,Subregion,Declaration,Start Year",0.37087861109763615,99.09446388145709,6
4,"Classification Key,Subregion,Declaration,Start Month",0.3785627424592109,99.1973657131097,9
4,"Classification Key,Subregion,Declaration,Total Deaths",0.5314007968182227,99.93825890100844,4
4,"Classification Key,Subregion,Declaration,No. Injured",0.5612525380160972,99.85593743568636,5
4,"Classification Key,Subregion,Declaration,No. Affected",0.5390835194620924,99.83535706935584,5
4,"Classification Key,Subregion,Declaration,No. Homeless",0.5618801947307339,99.77361597036428,5
4,"Classification Key,Subregion,Declaration,Total Affected",0.5390581773529451,99.83535706935584,5
4,"Classification Key,Subregion,Declaration,Number of Days",0.5393300762469045,99.56781230705907,7
4,"Classification Key,Subregion,Declaration,Total Impacted",0.5390582062835343,99.83535706935584,5
4,"Classification Key,Subregion,Declaration,Fatality Rate",0.4750653334881375,99.25910681210125,8
4,"Classification Key,Subregion,Declaration,Insured Damage ('000 US$)_corrigido",0.5545582524813928,99.71187487137271,5
4,"Classification Key,Subregion,Declaration,Total Damage ('000 US$)_corrigido",0.5459787720239183,99.46491047540647,5
4,"Classification Key,Subregion,Start Year,Start Month",0.2514704039356956,96.35727515949783,8
4,"Classification Key,Subregion,Start Year,Total Deaths",0.36881744043935394,98.60053508952458,8
4,"Classification Key,Subregion,Start Year,No. Injured",0.3673848576088086,98.8063387528298,7
4,"Classification Key,Subregion,Start Year,No. Affected",0.3642764922163987,98.88866021815188,7
4,"Classification Key,Subregion,Start Year,No. Homeless",0.36444678207802567,98.57995472319408,7
4,"Classification Key,Subregion,Start Year,Total Affected",0.3382075081357126,99.07388351512657,6
4,"Classification Key,Subregion,Start Year,Number of Days",0.3488987321166596,98.51821362420252,8
4,"Classification Key,Subregion,Start Year,Total Impacted",0.3382074031879575,98.97098168347397,6
4,"Classification Key,Subregion,Start Year,Fatality Rate",0.31535716877670106,97.79790080263429,6
4,"Classification Key,Subregion,Start Year,Insured Damage ('000 US$)_corrigido",0.35078513253356386,98.62111545585512,6
4,"Classification Key,Subregion,Start Year,Total Damage ('000 US$)_corrigido",0.3575946465775919,98.49763325787198,7
4,"Classification Key,Subregion,Start Month,Total Deaths",0.33299773902559576,98.92982095081292,7
4,"Classification Key,Subregion,Start Month,No. Injured",0.34476775000959425,99.07388351512657,8
4,"Classification Key,Subregion,Start Month,No. Affected",0.3225668683953444,99.27968717843177,7
4,"Classification Key,Subregion,Start Month,No. Homeless",0.3607813675492275,99.03272278246553,8
4,"Classification Key,Subregion,Start Month,Total Affected",0.33933438675513605,98.9092405844824,8
4,"Classification Key,Subregion,Start Month,Number of Days",0.34241842004542156,98.66227618851615,8
4,"Classification Key,Subregion,Start Month,Total Impacted",0.33933451688155,98.9092405844824,8
4,"Classification Key,Subregion,Start Month,Fatality Rate",0.31794384712802704,98.06544556493105,10
4,"Classification Key,Subregion,Start Month,Insured Damage ('000 US$)_corrigido",0.35002746580970884,98.66227618851615,9
4,"Classification Key,Subregion,Start Month,Total Damage ('000 US$)_corrigido",0.34141177438806125,98.82691911916032,7
4,"Classification Key,Subregion,Total Deaths,No. Injured",0.5070894392364743,99.81477670302532,7
4,"Classification Key,Subregion,Total Deaths,No. Affected",0.5229074989600765,99.81477670302532,4
4,"Classification Key,Subregion,Total Deaths,No. Homeless",0.5253345165108654,99.7941963366948,7
4,"Classification Key,Subregion,Total Deaths,Total Affected",0.48586333737902515,99.75303560403374,5
4,"Classification Key,Subregion,Total Deaths,Number of Days",0.507114350625158,99.71187487137271,5
4,"Classification Key,Subregion,Total Deaths,Total Impacted",0.48586343727615017,99.75303560403374,5
4,"Classification Key,Subregion,Total Deaths,Fatality Rate",0.4528577919354622,98.88866021815188,7
4,"Classification Key,Subregion,Total Deaths,Insured Damage ('000 US$)_corrigido",0.5350804277155591,99.73245523770323,4
4,"Classification Key,Subregion,Total Deaths,Total Damage ('000 US$)_corrigido",0.5232316421306126,99.65013377238114,4
4,"Classification Key,Subregion,No. Injured,No. Affected",0.48999645036206924,99.67071413871167,5
4,"Classification Key,Subregion,No. Injured,No. Homeless",0.5355280630131442,99.8970981683474,4
4,"Classification Key,Subregion,No. Injured,Total Affected",0.48269940631774544,99.91767853467792,3
4,"Classification Key,Subregion,No. Injured,Number of Days",0.5135230743879368,99.67071413871167,5
4,"Classification Key,Subregion,No. Injured,Total Impacted",0.48269952546157324,99.91767853467792,3
4,"Classification Key,Subregion,No. Injured,Fatality Rate",0.45222111388862074,98.97098168347397,9
4,"Classification Key,Subregion,No. Injured,Insured Damage ('000 US$)_corrigido",0.5184408701359093,99.56781230705907,7
4,"Classification Key,Subregion,No. Injured,Total Damage ('000 US$)_corrigido",0.49013317311873017,99.58839267338958,5
4,"Classification Key,Subregion,No. Affected,No. Homeless",0.47416523993236465,99.73245523770323,5
4,"Classification Key,Subregion,No. Affected,Total Affected",0.4779551745642158,99.81477670302532,3
4,"Classification Key,Subregion,No. Affected,Number of Days",0.4958331483961941,99.71187487137271,5
4,"Classification Key,Subregion,No. Affected,Total Impacted",0.4843620526639394,99.75303560403374,10
4,"Classification Key,Subregion,No. Affected,Fatality Rate",0.4303720711276339,99.21794607944021,7
4,"Classification Key,Subregion,No. Affected,Insured Damage ('000 US$)_corrigido",0.5035545748824651,99.65013377238114,10
4,"Classification Key,Subregion,No. Affected,Total Damage ('000 US$)_corrigido",0.5123824457336298,99.58839267338958,7
4,"Classification Key,Subregion,No. Homeless,Total Affected",0.5182002906765533,99.60897303972011,4
4,"Classification Key,Subregion,No. Homeless,Number of Days",0.47865830284559835,99.73245523770323,4
4,"Classification Key,Subregion,No. Homeless,Total Impacted",0.5182002588956424,99.62955340605063,4
4,"Classification Key,Subregion,No. Homeless,Fatality Rate",0.4602237583596924,99.42374974274541,5
4,"Classification Key,Subregion,No. Homeless,Insured Damage ('000 US$)_corrigido",0.4975456782785818,99.60897303972011,10
4,"Classification Key,Subregion,No. Homeless,Total Damage ('000 US$)_corrigido",0.49364143533080634,99.1973657131097,10
4,"Classification Key,Subregion,Total Affected,Number of Days",0.49581232274231196,99.67071413871167,5
4,"Classification Key,Subregion,Total Affected,Total Impacted",0.4773864910559148,99.71187487137271,3
4,"Classification Key,Subregion,Total Affected,Fatality Rate",0.4306210071590132,99.38258901008437,7
4,"Classification Key,Subregion,Total Affected,Insured Damage ('000 US$)_corrigido",0.5002120997750824,99.50607120806751,5
4,"Classification Key,Subregion,Total Affected,Total Damage ('000 US$)_corrigido",0.5123698400256493,99.60897303972011,7
4,"Classification Key,Subregion,Number of Days,Total Impacted",0.49581243360172705,99.67071413871167,5
4,"Classification Key,Subregion,Number of Days,Fatality Rate",0.44329466505697457,99.36200864375387,6
4,"Classification Key,Subregion,Number of Days,Insured Damage ('000 US$)_corrigido",0.5062209272629878,99.58839267338958,5
4,"Classification Key,Subregion,Number of Days,Total Damage ('000 US$)_corrigido",0.49798903898852864,99.27968717843177,5
4,"Classification Key,Subregion,Total Impacted,Fatality Rate",0.43062074379606,99.38258901008437,7
4,"Classification Key,Subregion,Total Impacted,Insured Damage ('000 US$)_corrigido",0.5002121802758347,99.50607120806751,5
4,"Classification Key,Subregion,Total Impacted,Total Damage ('000 US$)_corrigido",0.5066962988261859,99.81477670302532,4
4,"Classification Key,Subregion,Fatality Rate,Insured Damage ('000 US$)_corrigido",0.45727998829246763,99.15620498044865,6
4,"Classification Key,Subregion,Fatality Rate,Total Damage ('000 US$)_corrigido",0.4508553971332753,99.46491047540647,5
4,"Classification Key,Subregion,Insured Damage ('000 US$)_corrigido,Total Damage ('000 US$)_corrigido",0.4865170801032608,99.54723194072854,3
4,"Classification Key,Region,OFDA/BHA Response,Appeal",0.6742205984002385,100.0,3
4,"Classification Key,Region,OFDA/BHA Response,Declaration",0.5592510872454047,99.95883926733896,9
4,"Classification Key,Region,OFDA/BHA Response,Start Year",0.35874754707356066,99.67071413871167,10
4,"Classification Key,Region,OFDA/BHA Response,Start Month",0.3498581975460112,99.56781230705907,9
4,"Classification Key,Region,OFDA/BHA Response,Total Deaths",0.5602294375011403,99.95883926733896,10
4,"Classification Key,Region,OFDA/BHA Response,No. Injured",0.5927526279176077,99.97941963366948,10
4,"Classification Key,Region,OFDA/BHA Response,No. Affected",0.5529289890438587,99.87651780201688,10
4,"Classification Key,Region,OFDA/BHA Response,No. Homeless",0.5425121023407439,99.83535706935584,9
4,"Classification Key,Region,OFDA/BHA Response,Total Affected",0.5529926422426223,99.91767853467792,10
4,"Classification Key,Region,OFDA/BHA Response,Number of Days",0.48860179038598883,99.85593743568636,6
4,"Classification Key,Region,OFDA/BHA Response,Total Impacted",0.5529911234077171,99.91767853467792,10
4,"Classification Key,Region,OFDA/BHA Response,Fatality Rate",0.4358604416965765,99.40316937641491,10
4,"Classification Key,Region,OFDA/BHA Response,Insured Damage ('000 US$)_corrigido",0.5424013026656288,99.7941963366948,10
4,"Classification Key,Region,OFDA/BHA Response,Total Damage ('000 US$)_corrigido",0.5137596606259944,99.81477670302532,8
4,"Classification Key,Region,Appeal,Declaration",0.6095877226694321,100.0,3
4,"Classification Key,Region,Appeal,Start Year",0.346141731356987,99.6912945050422,8
4,"Classification Key,Region,Appeal,Start Month",0.3462117084336608,99.81477670302532,9
4,"Classification Key,Region,Appeal,Total Deaths",0.5449438055531323,99.8970981683474,9
4,"Classification Key,Region,Appeal,No. Injured",0.5882573359560296,99.93825890100844,10
4,"Classification Key,Region,Appeal,No. Affected",0.5659466526715988,99.95883926733896,10
4,"Classification Key,Region,Appeal,No. Homeless",0.583411909101253,99.8970981683474,10
4,"Classification Key,Region,Appeal,Total Affected",0.5659434350112671,99.93825890100844,10
4,"Classification Key,Region,Appeal,Number of Days",0.487882767325425,99.71187487137271,10
4,"Classification Key,Region,Appeal,Total Impacted",0.5585349825140244,99.8970981683474,10
4,"Classification Key,Region,Appeal,Fatality Rate",0.4377700469388372,99.60897303972011,10
4,"Classification Key,Region,Appeal,Insured Damage ('000 US$)_corrigido",0.524206094303785,99.7941963366948,7
4,"Classification Key,Region,Appeal,Total Damage ('000 US$)_corrigido",0.5275945047282659,99.8970981683474,8
4,"Classification Key,Region,Declaration,Start Year",0.3649864425937191,99.6912945050422,8
4,"Classification Key,Region,Declaration,Start Month",0.33617222873727687,99.75303560403374,10
4,"Classification Key,Region,Declaration,Total Deaths",0.5446716880851429,99.93825890100844,8
4,"Classification Key,Region,Declaration,No. Injured",0.6175725936865839,99.7941963366948,10
4,"Classification Key,Region,Declaration,No. Affected",0.5749479884575026,99.83535706935584,10
4,"Classification Key,Region,Declaration,No. Homeless",0.5711867468123126,99.8970981683474,10
4,"Classification Key,Region,Declaration,Total Affected",0.5205465698654901,99.83535706935584,7
4,"Classification Key,Region,Declaration,Number of Days",0.5010306622760955,99.77361597036428,9
4,"Classification Key,Region,Declaration,Total Impacted",0.5135403961982861,99.85593743568636,9
4,"Classification Key,Region,Declaration,Fatality Rate",0.4385947384119656,99.65013377238114,8
4,"Classification Key,Region,Declaration,Insured Damage ('000 US$)_corrigido",0.5661584415539983,99.73245523770323,10
4,"Classification Key,Region,Declaration,Total Damage ('000 US$)_corrigido",0.5279992959180877,99.6912945050422,8
4,"Classification Key,Region,Start Year,Start Month",0.22887747694181412,97.79790080263429,9
4,"Classification Key,Region,Start Year,Total Deaths",0.34223199543871147,99.1973657131097,7
4,"Classification Key,Region,Start Year,No. Injured",0.355052492158576,99.44433010907593,9
4,"Classification Key,Region,Start Year,No. Affected",0.3295269476050148,99.46491047540647,8
4,"Classification Key,Region,Start Year,No. Homeless",0.33278691278737477,99.38258901008437,9
4,"Classification Key,Region,Start Year,Total Affected",0.3055640659394412,99.42374974274541,8
4,"Classification Key,Region,Start Year,Number of Days",0.3364706652804881,98.99156204980449,10
4,"Classification Key,Region,Start Year,Total Impacted",0.3055645717106893,99.44433010907593,8
4,"Classification Key,Region,Start Year,Fatality Rate",0.28627799492923994,98.43589215888042,9
4,"Classification Key,Region,Start Year,Insured Damage ('000 US$)_corrigido",0.32701487397988055,99.21794607944021,9
4,"Classification Key,Region,Start Year,Total Damage ('000 US$)_corrigido",0.3478857536443354,99.09446388145709,10
4,"Classification Key,Region,Start Month,Total Deaths",0.305980103509427,99.65013377238114,10
4,"Classification Key,Region,Start Month,No. Injured",0.3164105350753794,99.40316937641491,10
4,"Classification Key,Region,Start Month,No. Affected",0.2973876737695272,99.46491047540647,7
4,"Classification Key,Region,Start Month,No. Homeless",0.32903622326151244,99.32084791109281,9
4,"Classification Key,Region,Start Month,Total Affected",0.3072298327385593,99.71187487137271,7
4,"Classification Key,Region,Start Month,Number of Days",0.30831797539957234,99.34142827742333,8
4,"Classification Key,Region,Start Month,Total Impacted",0.3074730063540014,99.67071413871167,7
4,"Classification Key,Region,Start Month,Fatality Rate",0.2675724900305904,98.51821362420252,10
4,"Classification Key,Region,Start Month,Insured Damage ('000 US$)_corrigido",0.31760602117302195,99.36200864375387,7
4,"Classification Key,Region,Start Month,Total Damage ('000 US$)_corrigido",0.3059414628689909,99.40316937641491,8
4,"Classification Key,Region,Total Deaths,No. Injured",0.5529945676864791,99.83535706935584,10
4,"Classification Key,Region,Total Deaths,No. Affected",0.47893273599140107,99.87651780201688,10
4,"Classification Key,Region,Total Deaths,No. Homeless",0.5882315318633061,99.77361597036428,10
4,"Classification Key,Region,Total Deaths,Total Affected",0.5131505673244665,99.87651780201688,9
4,"Classification Key,Region,Total Deaths,Number of Days",0.4909893701700032,99.75303560403374,9
4,"Classification Key,Region,Total Deaths,Total Impacted",0.5131507849323202,99.87651780201688,9
4,"Classification Key,Region,Total Deaths,Fatality Rate",0.4298132989749977,99.56781230705907,10
4,"Classification Key,Region,Total Deaths,Insured Damage ('000 US$)_corrigido",0.522765186091521,99.75303560403374,9
4,"Classification Key,Region,Total Deaths,Total Damage ('000 US$)_corrigido",0.5617133994703473,99.6912945050422,10
4,"Classification Key,Region,No. Injured,No. Affected",0.5584745737277104,99.73245523770323,10
4,"Classification Key,Region,No. Injured,No. Homeless",0.5532025002421115,99.81477670302532,9
4,"Classification Key,Region,No. Injured,Total Affected",0.5583208751366309,99.75303560403374,10
4,"Classification Key,Region,No. Injured,Number of Days",0.5062888257509875,99.54723194072854,10
4,"Classification Key,Region,No. Injured,Total Impacted",0.5583193295989085,99.73245523770323,10
4,"Classification Key,Region,No. Injured,Fatality Rate",0.41641267355618056,99.40316937641491,10
4,"Classification Key,Region,No. Injured,Insured Damage ('000 US$)_corrigido",0.5535934942778297,99.6912945050422,9
4,"Classification Key,Region,No. Injured,Total Damage ('000 US$)_corrigido",0.5167087915322723,99.77361597036428,9
4,"Classification Key,Region,No. Affected,No. Homeless",0.5563855033156436,99.6912945050422,10
4,"Classification Key,Region,No. Affected,Total Affected",0.5040590046301806,99.77361597036428,10
4,"Classification Key,Region,No. Affected,Number of Days",0.4652683187948788,99.71187487137271,10
4,"Classification Key,Region,No. Affected,Total Impacted",0.5040568875644154,99.77361597036428,10
4,"Classification Key,Region,No. Affected,Fatality Rate",0.4038019788113333,99.60897303972011,6
4,"Classification Key,Region,No. Affected,Insured Damage ('000 US$)_corrigido",0.49820031119740404,99.65013377238114,8
4,"Classification Key,Region,No. Affected,Total Damage ('000 US$)_corrigido",0.5104969703714533,99.6912945050422,9
4,"Classification Key,Region,No. Homeless,Total Affected",0.5564774119577603,99.77361597036428,10
4,"Classification Key,Region,No. Homeless,Number of Days",0.4769545632521173,99.62955340605063,9
4,"Classification Key,Region,No. Homeless,Total Impacted",0.5564757155747514,99.77361597036428,10
4,"Classification Key,Region,No. Homeless,Fatality Rate",0.41030585480141885,99.52665157439803,5
4,"Classification Key,Region,No. Homeless,Insured Damage ('000 US$)_corrigido",0.546453653270485,99.81477670302532,9
4,"Classification Key,Region,No. Homeless,Total Damage ('000 US$)_corrigido",0.5338449500446417,99.67071413871167,10
4,"Classification Key,Region,Total Affected,Number of Days",0.464853187159836,99.81477670302532,5
4,"Classification Key,Region,Total Affected,Total Impacted",0.5662890589616241,99.87651780201688,10
4,"Classification Key,Region,Total Affected,Fatality Rate",0.38869629046119614,99.52665157439803,9
4,"Classification Key,Region,Total Affected,Insured Damage ('000 US$)_corrigido",0.4865233122417392,99.85593743568636,9
4,"Classification Key,Region,Total Affected,Total Damage ('000 US$)_corrigido",0.5407601593972681,99.75303560403374,10
4,"Classification Key,Region,Number of Days,Total Impacted",0.4732249448786703,99.73245523770323,10
4,"Classification Key,Region,Number of Days,Fatality Rate",0.3853104186369866,99.56781230705907,8
4,"Classification Key,Region,Number of Days,Insured Damage ('000 US$)_corrigido",0.505203527741738,99.71187487137271,10
4,"Classification Key,Region,Number of Days,Total Damage ('000 US$)_corrigido",0.4797773173821842,99.6912945050422,8
4,"Classification Key,Region,Total Impacted,Fatality Rate",0.40375371278438393,99.54723194072854,6
4,"Classification Key,Region,Total Impacted,Insured Damage ('000 US$)_corrigido",0.47581102413363163,99.75303560403374,8
4,"Classification Key,Region,Total Impacted,Total Damage ('000 US$)_corrigido",0.4985614146054862,99.7941963366948,8
4,"Classification Key,Region,Fatality Rate,Insured Damage ('000 US$)_corrigido",0.428200132829276,99.50607120806751,10
4,"Classification Key,Region,Fatality Rate,Total Damage ('000 US$)_corrigido",0.40065731380809805,99.40316937641491,7
4,"Classification Key,Region,Insured Damage ('000 US$)_corrigido,Total Damage ('000 US$)_corrigido",0.5733117731162125,99.58839267338958,10
4,"Classification Key,OFDA/BHA Response,Appeal,Declaration",0.7888849305590668,100.0,9
4,"Classification Key,OFDA/BHA Response,Appeal,Start Year",0.6673092401086148,100.0,3
4,"Classification Key,OFDA/BHA Response,Appeal,Start Month",0.4510077863370211,99.95883926733896,6
4,"Classification Key,OFDA/BHA Response,Appeal,Total Deaths",0.7824552253152788,100.0,3
4,"Classification Key,OFDA/BHA Response,Appeal,No. Injured",0.7855966466297705,99.97941963366948,3
4,"Classification Key,OFDA/BHA Response,Appeal,No. Affected",0.7800265357602234,99.93825890100844,3
4,"Classification Key,OFDA/BHA Response,Appeal,No. Homeless",0.7802901049460608,100.0,3
4,"Classification Key,OFDA/BHA Response,Appeal,Total Affected",0.780012857843767,99.93825890100844,3
4,"Classification Key,OFDA/BHA Response,Appeal,Number of Days",0.7756125787175834,99.93825890100844,3
4,"Classification Key,OFDA/BHA Response,Appeal,Total Impacted",0.7800129676170021,99.93825890100844,3
4,"Classification Key,OFDA/BHA Response,Appeal,Fatality Rate",0.6553813989368421,99.77361597036428,9
4,"Classification Key,OFDA/BHA Response,Appeal,Insured Damage ('000 US$)_corrigido",0.7477588837816829,99.95883926733896,6
4,"Classification Key,OFDA/BHA Response,Appeal,Total Damage ('000 US$)_corrigido",0.7725202258171873,99.95883926733896,3
4,"Classification Key,OFDA/BHA Response,Declaration,Start Year",0.5987771658834907,100.0,3
4,"Classification Key,OFDA/BHA Response,Declaration,Start Month",0.44428131006486987,100.0,6
4,"Classification Key,OFDA/BHA Response,Declaration,Total Deaths",0.7542260927996279,99.93825890100844,10
4,"Classification Key,OFDA/BHA Response,Declaration,No. Injured",0.7345411033005357,99.95883926733896,8
4,"Classification Key,OFDA/BHA Response,Declaration,No. Affected",0.7297021193132077,99.87651780201688,6
4,"Classification Key,OFDA/BHA Response,Declaration,No. Homeless",0.7648709911381198,99.81477670302532,9
4,"Classification Key,OFDA/BHA Response,Declaration,Total Affected",0.7295175947056005,99.87651780201688,6
4,"Classification Key,OFDA/BHA Response,Declaration,Number of Days",0.7048665032513808,99.93825890100844,3
4,"Classification Key,OFDA/BHA Response,Declaration,Total Impacted",0.7295170058984931,99.87651780201688,6
4,"Classification Key,OFDA/BHA Response,Declaration,Fatality Rate",0.6552043894546898,99.77361597036428,9
4,"Classification Key,OFDA/BHA Response,Declaration,Insured Damage ('000 US$)_corrigido",0.7196287927620045,99.91767853467792,8
4,"Classification Key,OFDA/BHA Response,Declaration,Total Damage ('000 US$)_corrigido",0.7317049807051225,99.95883926733896,3
4,"Classification Key,OFDA/BHA Response,Start Year,Start Month",0.3157173261658954,98.86807985182136,9
4,"Classification Key,OFDA/BHA Response,Start Year,Total Deaths",0.4430682874472737,99.73245523770323,5
4,"Classification Key,OFDA/BHA Response,Start Year,No. Injured",0.450218977874597,99.83535706935584,5
4,"Classification Key,OFDA/BHA Response,Start Year,No. Affected",0.43582026666935814,99.62955340605063,5
4,"Classification Key,OFDA/BHA Response,Start Year,No. Homeless",0.47082111410156474,99.73245523770323,5
4,"Classification Key,OFDA/BHA Response,Start Year,Total Affected",0.43454382082021287,99.83535706935584,5
4,"Classification Key,OFDA/BHA Response,Start Year,Number of Days",0.451487565221762,99.56781230705907,6
4,"Classification Key,OFDA/BHA Response,Start Year,Total Impacted",0.4345439615003344,99.83535706935584,5
4,"Classification Key,OFDA/BHA Response,Start Year,Fatality Rate",0.4112826958942649,99.56781230705907,3
4,"Classification Key,OFDA/BHA Response,Start Year,Insured Damage ('000 US$)_corrigido",0.4325630582627638,99.46491047540647,10
4,"Classification Key,OFDA/BHA Response,Start Year,Total Damage ('000 US$)_corrigido",0.45426436401317033,99.48549084173698,5
4,"Classification Key,OFDA/BHA Response,Start Month,Total Deaths",0.43759228131236283,99.83535706935584,5
4,"Classification Key,OFDA/BHA Response,Start Month,No. Injured",0.43811738283548385,99.83535706935584,5
4,"Classification Key,OFDA/BHA Response,Start Month,No. Affected",0.3989728013758238,99.85593743568636,9
4,"Classification Key,OFDA/BHA Response,Start Month,No. Homeless",0.44201906780744826,99.85593743568636,5
4,"Classification Key,OFDA/BHA Response,Start Month,Total Affected",0.41507892901253113,99.73245523770323,5
4,"Classification Key,OFDA/BHA Response,Start Month,Number of Days",0.4244355837077178,99.85593743568636,6
4,"Classification Key,OFDA/BHA Response,Start Month,Total Impacted",0.41507888795900516,99.73245523770323,5
4,"Classification Key,OFDA/BHA Response,Start Month,Fatality Rate",0.36801918353223634,99.34142827742333,6
4,"Classification Key,OFDA/BHA Response,Start Month,Insured Damage ('000 US$)_corrigido",0.4208419270730797,99.65013377238114,5
4,"Classification Key,OFDA/BHA Response,Start Month,Total Damage ('000 US$)_corrigido",0.411068969066707,99.71187487137271,6
4,"Classification Key,OFDA/BHA Response,Total Deaths,No. Injured",0.7705431674316953,99.93825890100844,6
4,"Classification Key,OFDA/BHA Response,Total Deaths,No. Affected",0.7467948434130794,99.77361597036428,6
4,"Classification Key,OFDA/BHA Response,Total Deaths,No. Homeless",0.7616335041156159,99.8970981683474,6
4,"Classification Key,OFDA/BHA Response,Total Deaths,Total Affected",0.7466077903397141,99.75303560403374,6
4,"Classification Key,OFDA/BHA Response,Total Deaths,Number of Days",0.6439749134706948,99.77361597036428,9
4,"Classification Key,OFDA/BHA Response,Total Deaths,Total Impacted",0.7466077259368373,99.75303560403374,6
4,"Classification Key,OFDA/BHA Response,Total Deaths,Fatality Rate",0.621480575710269,99.60897303972011,8
4,"Classification Key,OFDA/BHA Response,Total Deaths,Insured Damage ('000 US$)_corrigido",0.739439053299327,99.87651780201688,5
4,"Classification Key,OFDA/BHA Response,Total Deaths,Total Damage ('000 US$)_corrigido",0.71384746827179,99.8970981683474,7
4,"Classification Key,OFDA/BHA Response,No. Injured,No. Affected",0.7489728682369844,99.91767853467792,6
4,"Classification Key,OFDA/BHA Response,No. Injured,No. Homeless",0.7685904461992953,99.95883926733896,6
4,"Classification Key,OFDA/BHA Response,No. Injured,Total Affected",0.7475431376949137,99.8970981683474,6
4,"Classification Key,OFDA/BHA Response,No. Injured,Number of Days",0.705075661667093,99.81477670302532,8
4,"Classification Key,OFDA/BHA Response,No. Injured,Total Impacted",0.7475409328023334,99.8970981683474,6
4,"Classification Key,OFDA/BHA Response,No. Injured,Fatality Rate",0.6331835519025344,99.54723194072854,7
4,"Classification Key,OFDA/BHA Response,No. Injured,Insured Damage ('000 US$)_corrigido",0.738710814853986,99.85593743568636,5
4,"Classification Key,OFDA/BHA Response,No. Injured,Total Damage ('000 US$)_corrigido",0.7429811407562312,99.91767853467792,7
4,"Classification Key,OFDA/BHA Response,No. Affected,No. Homeless",0.7491081024190587,99.77361597036428,6
4,"Classification Key,OFDA/BHA Response,No. Affected,Total Affected",0.7509530395885301,99.95883926733896,6
4,"Classification Key,OFDA/BHA Response,No. Affected,Number of Days",0.6522877401471611,99.75303560403374,9
4,"Classification Key,OFDA/BHA Response,No. Affected,Total Impacted",0.7509510247339612,99.95883926733896,6
4,"Classification Key,OFDA/BHA Response,No. Affected,Fatality Rate",0.6222023258598445,99.65013377238114,9
4,"Classification Key,OFDA/BHA Response,No. Affected,Insured Damage ('000 US$)_corrigido",0.702183589903498,99.6912945050422,6
4,"Classification Key,OFDA/BHA Response,No. Affected,Total Damage ('000 US$)_corrigido",0.7220619214078366,99.73245523770323,6
4,"Classification Key,OFDA/BHA Response,No. Homeless,Total Affected",0.7491186264297991,99.73245523770323,6
4,"Classification Key,OFDA/BHA Response,No. Homeless,Number of Days",0.7615933670659506,99.97941963366948,3
4,"Classification Key,OFDA/BHA Response,No. Homeless,Total Impacted",0.7491162275256071,99.75303560403374,6
4,"Classification Key,OFDA/BHA Response,No. Homeless,Fatality Rate",0.6310570999224964,99.44433010907593,9
4,"Classification Key,OFDA/BHA Response,No. Homeless,Insured Damage ('000 US$)_corrigido",0.7381180266701015,99.81477670302532,6
4,"Classification Key,OFDA/BHA Response,No. Homeless,Total Damage ('000 US$)_corrigido",0.7441531879588268,99.85593743568636,6
4,"Classification Key,OFDA/BHA Response,Total Affected,Number of Days",0.6819071974163101,99.60897303972011,9
4,"Classification Key,OFDA/BHA Response,Total Affected,Total Impacted",0.7508364308802404,99.91767853467792,6
4,"Classification Key,OFDA/BHA Response,Total Affected,Fatality Rate",0.622031188784608,99.62955340605063,9
4,"Classification Key,OFDA/BHA Response,Total Affected,Insured Damage ('000 US$)_corrigido",0.7087353673681293,99.87651780201688,6
4,"Classification Key,OFDA/BHA Response,Total Affected,Total Damage ('000 US$)_corrigido",0.7281854342745473,99.83535706935584,7
4,"Classification Key,OFDA/BHA Response,Number of Days,Total Impacted",0.6827890842884966,99.58839267338958,9
4,"Classification Key,OFDA/BHA Response,Number of Days,Fatality Rate",0.5912027576341027,99.52665157439803,9
4,"Classification Key,OFDA/BHA Response,Number of Days,Insured Damage ('000 US$)_corrigido",0.6212877882415999,99.85593743568636,5
4,"Classification Key,OFDA/BHA Response,Number of Days,Total Damage ('000 US$)_corrigido",0.6478725249388217,99.73245523770323,7
4,"Classification Key,OFDA/BHA Response,Total Impacted,Fatality Rate",0.622028598365411,99.62955340605063,9
4,"Classification Key,OFDA/BHA Response,Total Impacted,Insured Damage ('000 US$)_corrigido",0.7087339319325524,99.87651780201688,6
4,"Classification Key,OFDA/BHA Response,Total Impacted,Total Damage ('000 US$)_corrigido",0.7222329912452152,99.81477670302532,7
4,"Classification Key,OFDA/BHA Response,Fatality Rate,Insured Damage ('000 US$)_corrigido",0.5976344570665988,99.52665157439803,8
4,"Classification Key,OFDA/BHA Response,Fatality Rate,Total Damage ('000 US$)_corrigido",0.60794384509399,99.34142827742333,10
4,"Classification Key,OFDA/BHA Response,Insured Damage ('000 US$)_corrigido,Total Damage ('000 US$)_corrigido",0.7473963537088985,99.7941963366948,6
4,"Classification Key,Appeal,Declaration,Start Year",0.6019481647705678,100.0,3
4,"Classification Key,Appeal,Declaration,Start Month",0.45660859105591256,99.95883926733896,6
4,"Classification Key,Appeal,Declaration,Total Deaths",0.7722376700503703,99.8970981683474,6
4,"Classification Key,Appeal,Declaration,No. Injured",0.767488349845363,99.8970981683474,7
4,"Classification Key,Appeal,Declaration,No. Affected",0.6846199443574199,99.81477670302532,8
4,"Classification Key,Appeal,Declaration,No. Homeless",0.7566056629190608,99.97941963366948,8
4,"Classification Key,Appeal,Declaration,Total Affected",0.6764032295744082,99.97941963366948,7
4,"Classification Key,Appeal,Declaration,Number of Days",0.7256246784483373,99.97941963366948,3
4,"Classification Key,Appeal,Declaration,Total Impacted",0.6764012547187398,99.97941963366948,7
4,"Classification Key,Appeal,Declaration,Fatality Rate",0.6535002593830522,99.81477670302532,9
4,"Classification Key,Appeal,Declaration,Insured Damage ('000 US$)_corrigido",0.7570915909757964,99.93825890100844,6
4,"Classification Key,Appeal,Declaration,Total Damage ('000 US$)_corrigido",0.7350608227409381,100.0,3
4,"Classification Key,Appeal,Start Year,Start Month",0.3073619377949421,99.11504424778761,9
4,"Classification Key,Appeal,Start Year,Total Deaths",0.4461439725814398,99.8970981683474,5
4,"Classification Key,Appeal,Start Year,No. Injured",0.44646415478459295,99.8970981683474,5
4,"Classification Key,Appeal,Start Year,No. Affected",0.42848025296808223,99.75303560403374,4
4,"Classification Key,Appeal,Start Year,No. Homeless",0.4579488779252472,99.75303560403374,5
4,"Classification Key,Appeal,Start Year,Total Affected",0.438457006013954,99.65013377238114,6
4,"Classification Key,Appeal,Start Year,Number of Days",0.4441138079227969,99.58839267338958,6
4,"Classification Key,Appeal,Start Year,Total Impacted",0.43845713748077286,99.65013377238114,6
4,"Classification Key,Appeal,Start Year,Fatality Rate",0.4028243682800888,99.60897303972011,3
4,"Classification Key,Appeal,Start Year,Insured Damage ('000 US$)_corrigido",0.4334677789054371,99.65013377238114,4
4,"Classification Key,Appeal,Start Year,Total Damage ('000 US$)_corrigido",0.4278558443450958,99.58839267338958,4
4,"Classification Key,Appeal,Start Month,Total Deaths",0.4316071095462008,99.77361597036428,5
4,"Classification Key,Appeal,Start Month,No. Injured",0.43775869432310505,99.75303560403374,5
4,"Classification Key,Appeal,Start Month,No. Affected",0.400797948078482,99.52665157439803,6
4,"Classification Key,Appeal,Start Month,No. Homeless",0.4150259101973408,99.58839267338958,8
4,"Classification Key,Appeal,Start Month,Total Affected",0.40076431540831836,99.83535706935584,6
4,"Classification Key,Appeal,Start Month,Number of Days",0.42091691230635675,99.73245523770323,6
4,"Classification Key,Appeal,Start Month,Total Impacted",0.4007644603106025,99.81477670302532,6
4,"Classification Key,Appeal,Start Month,Fatality Rate",0.3737014759205132,99.1973657131097,9
4,"Classification Key,Appeal,Start Month,Insured Damage ('000 US$)_corrigido",0.42218600672260087,99.83535706935584,5
4,"Classification Key,Appeal,Start Month,Total Damage ('000 US$)_corrigido",0.4023191822881422,99.46491047540647,5
4,"Classification Key,Appeal,Total Deaths,No. Injured",0.7737973203423495,99.8970981683474,6
4,"Classification Key,Appeal,Total Deaths,No. Affected",0.746489121560621,99.83535706935584,6
4,"Classification Key,Appeal,Total Deaths,No. Homeless",0.747053926109105,99.93825890100844,5
4,"Classification Key,Appeal,Total Deaths,Total Affected",0.7462548673414532,99.91767853467792,6
4,"Classification Key,Appeal,Total Deaths,Number of Days",0.7874275071223513,99.97941963366948,3
4,"Classification Key,Appeal,Total Deaths,Total Impacted",0.7462550160547905,99.91767853467792,6
4,"Classification Key,Appeal,Total Deaths,Fatality Rate",0.6126291954917211,99.54723194072854,9
4,"Classification Key,Appeal,Total Deaths,Insured Damage ('000 US$)_corrigido",0.7581783713591645,99.87651780201688,6
4,"Classification Key,Appeal,Total Deaths,Total Damage ('000 US$)_corrigido",0.7055262782713726,99.85593743568636,5
4,"Classification Key,Appeal,No. Injured,No. Affected",0.7526553094588266,99.87651780201688,6
4,"Classification Key,Appeal,No. Injured,No. Homeless",0.7685092370666251,99.87651780201688,6
4,"Classification Key,Appeal,No. Injured,Total Affected",0.7524316838200754,99.8970981683474,6
4,"Classification Key,Appeal,No. Injured,Number of Days",0.6678838013225605,99.81477670302532,9
4,"Classification Key,Appeal,No. Injured,Total Impacted",0.752430796602412,99.8970981683474,6
4,"Classification Key,Appeal,No. Injured,Fatality Rate",0.630853246496878,99.62955340605063,7
4,"Classification Key,Appeal,No. Injured,Insured Damage ('000 US$)_corrigido",0.7649037377631178,99.87651780201688,6
4,"Classification Key,Appeal,No. Injured,Total Damage ('000 US$)_corrigido",0.7460233641176195,99.83535706935584,6
4,"Classification Key,Appeal,No. Affected,No. Homeless",0.6917576022021309,99.85593743568636,5
4,"Classification Key,Appeal,No. Affected,Total Affected",0.7018800430567127,99.95883926733896,7
4,"Classification Key,Appeal,No. Affected,Number of Days",0.6662132958055802,99.71187487137271,9
4,"Classification Key,Appeal,No. Affected,Total Impacted",0.7491911380142402,99.95883926733896,6
4,"Classification Key,Appeal,No. Affected,Fatality Rate",0.6179461571298873,99.67071413871167,9
4,"Classification Key,Appeal,No. Affected,Insured Damage ('000 US$)_corrigido",0.7369499947737025,99.8970981683474,6
4,"Classification Key,Appeal,No. Affected,Total Damage ('000 US$)_corrigido",0.6811908701769561,99.62955340605063,7
4,"Classification Key,Appeal,No. Homeless,Total Affected",0.7433457137214485,99.87651780201688,6
4,"Classification Key,Appeal,No. Homeless,Number of Days",0.6889420883261557,99.58839267338958,9
4,"Classification Key,Appeal,No. Homeless,Total Impacted",0.7433442158019482,99.87651780201688,6
4,"Classification Key,Appeal,No. Homeless,Fatality Rate",0.6266724567697859,99.48549084173698,10
4,"Classification Key,Appeal,No. Homeless,Insured Damage ('000 US$)_corrigido",0.7348894180565286,99.95883926733896,6
4,"Classification Key,Appeal,No. Homeless,Total Damage ('000 US$)_corrigido",0.7393022660253225,99.91767853467792,6
4,"Classification Key,Appeal,Total Affected,Number of Days",0.6668147616631683,99.58839267338958,9
4,"Classification Key,Appeal,Total Affected,Total Impacted",0.7490415600638013,99.95883926733896,6
4,"Classification Key,Appeal,Total Affected,Fatality Rate",0.6130335416405387,99.67071413871167,10
4,"Classification Key,Appeal,Total Affected,Insured Damage ('000 US$)_corrigido",0.6863321552238786,99.85593743568636,5
4,"Classification Key,Appeal,Total Affected,Total Damage ('000 US$)_corrigido",0.6803880900626121,99.73245523770323,7
4,"Classification Key,Appeal,Number of Days,Total Impacted",0.6668142866427872,99.65013377238114,9
4,"Classification Key,Appeal,Number of Days,Fatality Rate",0.5816627210630436,99.62955340605063,9
4,"Classification Key,Appeal,Number of Days,Insured Damage ('000 US$)_corrigido",0.6382803385559125,99.87651780201688,10
4,"Classification Key,Appeal,Number of Days,Total Damage ('000 US$)_corrigido",0.6452295638838947,99.65013377238114,7
4,"Classification Key,Appeal,Total Impacted,Fatality Rate",0.615568819011309,99.6912945050422,9
4,"Classification Key,Appeal,Total Impacted,Insured Damage ('000 US$)_corrigido",0.6890252178571965,99.8970981683474,7
4,"Classification Key,Appeal,Total Impacted,Total Damage ('000 US$)_corrigido",0.6803860640048255,99.73245523770323,7
4,"Classification Key,Appeal,Fatality Rate,Insured Damage ('000 US$)_corrigido",0.6350395607252072,99.44433010907593,10
4,"Classification Key,Appeal,Fatality Rate,Total Damage ('000 US$)_corrigido",0.5882588326978271,99.38258901008437,10
4,"Classification Key,Appeal,Insured Damage ('000 US$)_corrigido,Total Damage ('000 US$)_corrigido",0.6915613551658177,99.83535706935584,5
4,"Classification Key,Declaration,Start Year,Start Month",0.32413070275329847,99.07388351512657,8
4,"Classification Key,Declaration,Start Year,Total Deaths",0.4544853232157484,99.8970981683474,4
4,"Classification Key,Declaration,Start Year,No. Injured",0.4417855904227437,99.85593743568636,5
4,"Classification Key,Declaration,Start Year,No. Affected",0.39490120061290385,99.6912945050422,7
4,"Classification Key,Declaration,Start Year,No. Homeless",0.46849789827268085,99.67071413871167,5
4,"Classification Key,Declaration,Start Year,Total Affected",0.39255970737051893,99.83535706935584,4
4,"Classification Key,Declaration,Start Year,Number of Days",0.4565534767244791,99.54723194072854,7
4,"Classification Key,Declaration,Start Year,Total Impacted",0.39255979408155295,99.83535706935584,4
4,"Classification Key,Declaration,Start Year,Fatality Rate",0.4083248389607236,99.50607120806751,3
4,"Classification Key,Declaration,Start Year,Insured Damage ('000 US$)_corrigido",0.45004798759808995,99.75303560403374,4
4,"Classification Key,Declaration,Start Year,Total Damage ('000 US$)_corrigido",0.4530427851260131,99.60897303972011,5
4,"Classification Key,Declaration,Start Month,Total Deaths",0.4458670328941463,99.87651780201688,5
4,"Classification Key,Declaration,Start Month,No. Injured",0.43822555386058865,99.87651780201688,5
4,"Classification Key,Declaration,Start Month,No. Affected",0.4050763019991903,99.87651780201688,6
4,"Classification Key,Declaration,Start Month,No. Homeless",0.4239575738993495,99.75303560403374,5
4,"Classification Key,Declaration,Start Month,Total Affected",0.4167238739187316,99.77361597036428,6
4,"Classification Key,Declaration,Start Month,Number of Days",0.42604907153112376,99.73245523770323,6
4,"Classification Key,Declaration,Start Month,Total Impacted",0.4167240415292011,99.77361597036428,6
4,"Classification Key,Declaration,Start Month,Fatality Rate",0.4088413218692752,99.50607120806751,3
4,"Classification Key,Declaration,Start Month,Insured Damage ('000 US$)_corrigido",0.43991473163669564,99.77361597036428,5
4,"Classification Key,Declaration,Start Month,Total Damage ('000 US$)_corrigido",0.395745517580174,99.73245523770323,5
4,"Classification Key,Declaration,Total Deaths,No. Injured",0.7654364696043725,99.73245523770323,6
4,"Classification Key,Declaration,Total Deaths,No. Affected",0.708964300965728,99.83535706935584,5
4,"Classification Key,Declaration,Total Deaths,No. Homeless",0.7638025418232504,99.97941963366948,6
4,"Classification Key,Declaration,Total Deaths,Total Affected",0.7487703885801456,99.75303560403374,6
4,"Classification Key,Declaration,Total Deaths,Number of Days",0.6375333125079782,99.7941963366948,5
4,"Classification Key,Declaration,Total Deaths,Total Impacted",0.7487705294487602,99.75303560403374,6
4,"Classification Key,Declaration,Total Deaths,Fatality Rate",0.6189150068904444,99.71187487137271,9
4,"Classification Key,Declaration,Total Deaths,Insured Damage ('000 US$)_corrigido",0.7522136128780206,99.73245523770323,6
4,"Classification Key,Declaration,Total Deaths,Total Damage ('000 US$)_corrigido",0.7453535486079036,99.85593743568636,6
4,"Classification Key,Declaration,No. Injured,No. Affected",0.747826610488088,99.77361597036428,6
4,"Classification Key,Declaration,No. Injured,No. Homeless",0.7610833600290225,99.93825890100844,6
4,"Classification Key,Declaration,No. Injured,Total Affected",0.7476357893823303,99.7941963366948,6
4,"Classification Key,Declaration,No. Injured,Number of Days",0.6714870928924526,99.7941963366948,8
4,"Classification Key,Declaration,No. Injured,Total Impacted",0.7476348145818206,99.7941963366948,6
4,"Classification Key,Declaration,No. Injured,Fatality Rate",0.6336748813803087,99.36200864375387,8
4,"Classification Key,Declaration,No. Injured,Insured Damage ('000 US$)_corrigido",0.751311471720669,99.8970981683474,5
4,"Classification Key,Declaration,No. Injured,Total Damage ('000 US$)_corrigido",0.7461011108888453,99.75303560403374,6
4,"Classification Key,Declaration,No. Affected,No. Homeless",0.690191602979743,99.77361597036428,8
4,"Classification Key,Declaration,No. Affected,Total Affected",0.7481237413817092,99.91767853467792,6
4,"Classification Key,Declaration,No. Affected,Number of Days",0.6425358124023534,99.85593743568636,6
4,"Classification Key,Declaration,No. Affected,Total Impacted",0.7481223092211146,99.91767853467792,6
4,"Classification Key,Declaration,No. Affected,Fatality Rate",0.6112530669996936,99.60897303972011,10
4,"Classification Key,Declaration,No. Affected,Insured Damage ('000 US$)_corrigido",0.7069079037876436,99.85593743568636,5
4,"Classification Key,Declaration,No. Affected,Total Damage ('000 US$)_corrigido",0.7265619395724692,99.77361597036428,6
4,"Classification Key,Declaration,No. Homeless,Total Affected",0.6963521649291509,99.81477670302532,5
4,"Classification Key,Declaration,No. Homeless,Number of Days",0.695647923512584,99.75303560403374,9
4,"Classification Key,Declaration,No. Homeless,Total Impacted",0.6963513925175127,99.85593743568636,5
4,"Classification Key,Declaration,No. Homeless,Fatality Rate",0.6226784919699566,99.54723194072854,10
4,"Classification Key,Declaration,No. Homeless,Insured Damage ('000 US$)_corrigido",0.7420231147361372,99.77361597036428,5
4,"Classification Key,Declaration,No. Homeless,Total Damage ('000 US$)_corrigido",0.7157816942735371,99.75303560403374,7
4,"Classification Key,Declaration,Total Affected,Number of Days",0.6838323965673985,99.85593743568636,9
4,"Classification Key,Declaration,Total Affected,Total Impacted",0.7483677623535095,99.8970981683474,6
4,"Classification Key,Declaration,Total Affected,Fatality Rate",0.5640519138684328,99.60897303972011,9
4,"Classification Key,Declaration,Total Affected,Insured Damage ('000 US$)_corrigido",0.724730455184176,99.87651780201688,6
4,"Classification Key,Declaration,Total Affected,Total Damage ('000 US$)_corrigido",0.7264928783646913,99.81477670302532,6
4,"Classification Key,Declaration,Number of Days,Total Impacted",0.6838312196520762,99.85593743568636,9
4,"Classification Key,Declaration,Number of Days,Fatality Rate",0.574281108007695,99.67071413871167,10
4,"Classification Key,Declaration,Number of Days,Insured Damage ('000 US$)_corrigido",0.6446639930212744,99.83535706935584,8
4,"Classification Key,Declaration,Number of Days,Total Damage ('000 US$)_corrigido",0.6566697095808119,99.75303560403374,10
4,"Classification Key,Declaration,Total Impacted,Fatality Rate",0.5952255078143641,99.50607120806751,10
4,"Classification Key,Declaration,Total Impacted,Insured Damage ('000 US$)_corrigido",0.7247292427889591,99.87651780201688,6
4,"Classification Key,Declaration,Total Impacted,Total Damage ('000 US$)_corrigido",0.7264922436509709,99.81477670302532,6
4,"Classification Key,Declaration,Fatality Rate,Insured Damage ('000 US$)_corrigido",0.6094221426434363,99.67071413871167,8
4,"Classification Key,Declaration,Fatality Rate,Total Damage ('000 US$)_corrigido",0.5737598378017027,99.60897303972011,9
4,"Classification Key,Declaration,Insured Damage ('000 US$)_corrigido,Total Damage ('000 US$)_corrigido",0.7256425720089833,99.83535706935584,5
4,"Classification Key,Start Year,Start Month,Total Deaths",0.2964904943115104,99.012142416135,7
4,"Classification Key,Start Year,Start Month,No. Injured",0.28808680663019826,99.05330314879605,5
4,"Classification Key,Start Year,Start Month,No. Affected",0.28340581512548335,98.7034369211772,8
4,"Classification Key,Start Year,Start Month,No. Homeless",0.29556534871093487,98.62111545585512,7
4,"Classification Key,Start Year,Start Month,Total Affected",0.27531215039885826,98.60053508952458,7
4,"Classification Key,Start Year,Start Month,Number of Days",0.2951019206287825,98.51821362420252,9
4,"Classification Key,Start Year,Start Month,Total Impacted",0.2753123340783737,98.60053508952458,7
4,"Classification Key,Start Year,Start Month,Fatality Rate",0.25604534812152674,97.46861494134595,8
4,"Classification Key,Start Year,Start Month,Insured Damage ('000 US$)_corrigido",0.298014428734492,98.53879399053304,8
4,"Classification Key,Start Year,Start Month,Total Damage ('000 US$)_corrigido",0.29222520160697446,98.51821362420252,7
4,"Classification Key,Start Year,Total Deaths,No. Injured",0.4268587972586853,99.77361597036428,5
4,"Classification Key,Start Year,Total Deaths,No. Affected",0.41700241959812545,99.73245523770323,3
4,"Classification Key,Start Year,Total Deaths,No. Homeless",0.42176791509267847,99.81477670302532,3
4,"Classification Key,Start Year,Total Deaths,Total Affected",0.41698812561906273,99.73245523770323,3
4,"Classification Key,Start Year,Total Deaths,Number of Days",0.4099103342216524,99.36200864375387,7
4,"Classification Key,Start Year,Total Deaths,Total Impacted",0.41698831866291597,99.75303560403374,3
4,"Classification Key,Start Year,Total Deaths,Fatality Rate",0.37656885416245084,99.17678534677917,5
4,"Classification Key,Start Year,Total Deaths,Insured Damage ('000 US$)_corrigido",0.41884300759833015,99.54723194072854,6
4,"Classification Key,Start Year,Total Deaths,Total Damage ('000 US$)_corrigido",0.4225240292891267,99.54723194072854,3
4,"Classification Key,Start Year,No. Injured,No. Affected",0.4167917824063719,99.58839267338958,3
4,"Classification Key,Start Year,No. Injured,No. Homeless",0.3958530218022199,99.58839267338958,6
4,"Classification Key,Start Year,No. Injured,Total Affected",0.41677717743066317,99.58839267338958,3
4,"Classification Key,Start Year,No. Injured,Number of Days",0.4052379356148449,99.44433010907593,7
4,"Classification Key,Start Year,No. Injured,Total Impacted",0.4167771986880983,99.58839267338958,3
4,"Classification Key,Start Year,No. Injured,Fatality Rate",0.3641624239886526,99.3002675447623,3
4,"Classification Key,Start Year,No. Injured,Insured Damage ('000 US$)_corrigido",0.41928374332123136,99.67071413871167,3
4,"Classification Key,Start Year,No. Injured,Total Damage ('000 US$)_corrigido",0.41021756386728564,99.75303560403374,3
4,"Classification Key,Start Year,No. Affected,No. Homeless",0.3694963073288966,99.54723194072854,4
4,"Classification Key,Start Year,No. Affected,Total Affected",0.390046998485948,99.62955340605063,3
4,"Classification Key,Start Year,No. Affected,Number of Days",0.4029475292532752,99.50607120806751,5
4,"Classification Key,Start Year,No. Affected,Total Impacted",0.4036818970574997,99.3002675447623,10
4,"Classification Key,Start Year,No. Affected,Fatality Rate",0.355347049442263,99.05330314879605,3
4,"Classification Key,Start Year,No. Affected,Insured Damage ('000 US$)_corrigido",0.42453685133771735,99.3002675447623,4
4,"Classification Key,Start Year,No. Affected,Total Damage ('000 US$)_corrigido",0.3902242002437171,99.25910681210125,5
4,"Classification Key,Start Year,No. Homeless,Total Affected",0.3767076926317779,99.40316937641491,8
4,"Classification Key,Start Year,No. Homeless,Number of Days",0.42927915763960117,99.40316937641491,5
4,"Classification Key,Start Year,No. Homeless,Total Impacted",0.37670731909275407,99.40316937641491,8
4,"Classification Key,Start Year,No. Homeless,Fatality Rate",0.37048672553115974,99.09446388145709,3
4,"Classification Key,Start Year,No. Homeless,Insured Damage ('000 US$)_corrigido",0.416904052849972,99.44433010907593,3
4,"Classification Key,Start Year,No. Homeless,Total Damage ('000 US$)_corrigido",0.419739873321525,99.44433010907593,3
4,"Classification Key,Start Year,Total Affected,Number of Days",0.402933794031179,99.54723194072854,5
4,"Classification Key,Start Year,Total Affected,Total Impacted",0.39562601069190356,99.36200864375387,10
4,"Classification Key,Start Year,Total Affected,Fatality Rate",0.36565019629355244,99.44433010907593,3
4,"Classification Key,Start Year,Total Affected,Insured Damage ('000 US$)_corrigido",0.42451777045552536,99.32084791109281,4
4,"Classification Key,Start Year,Total Affected,Total Damage ('000 US$)_corrigido",0.3900009951397657,99.42374974274541,7
4,"Classification Key,Start Year,Number of Days,Total Impacted",0.4029337449056487,99.52665157439803,5
4,"Classification Key,Start Year,Number of Days,Fatality Rate",0.3826985083071249,99.42374974274541,3
4,"Classification Key,Start Year,Number of Days,Insured Damage ('000 US$)_corrigido",0.39802221102240737,99.1973657131097,5
4,"Classification Key,Start Year,Number of Days,Total Damage ('000 US$)_corrigido",0.40320954738682085,99.65013377238114,4
4,"Classification Key,Start Year,Total Impacted,Fatality Rate",0.36564998850852276,99.42374974274541,3
4,"Classification Key,Start Year,Total Impacted,Insured Damage ('000 US$)_corrigido",0.42451789845783894,99.3002675447623,4
4,"Classification Key,Start Year,Total Impacted,Total Damage ('000 US$)_corrigido",0.3725899839864719,99.48549084173698,7
4,"Classification Key,Start Year,Fatality Rate,Insured Damage ('000 US$)_corrigido",0.37061588729508155,98.74459765383824,7
4,"Classification Key,Start Year,Fatality Rate,Total Damage ('000 US$)_corrigido",0.367323797335143,98.72401728750772,7
4,"Classification Key,Start Year,Insured Damage ('000 US$)_corrigido,Total Damage ('000 US$)_corrigido",0.40651503532348837,99.48549084173698,3
4,"Classification Key,Start Month,Total Deaths,No. Injured",0.4295933518826394,99.77361597036428,4
4,"Classification Key,Start Month,Total Deaths,No. Affected",0.3986955442792975,99.75303560403374,4
4,"Classification Key,Start Month,Total Deaths,No. Homeless",0.3870181653103236,99.83535706935584,8
4,"Classification Key,Start Month,Total Deaths,Total Affected",0.398682087313377,99.75303560403374,4
4,"Classification Key,Start Month,Total Deaths,Number of Days",0.3787319880232808,99.62955340605063,6
4,"Classification Key,Start Month,Total Deaths,Total Impacted",0.3986823638988945,99.75303560403374,4
4,"Classification Key,Start Month,Total Deaths,Fatality Rate",0.3542397726782286,98.95040131714345,10
4,"Classification Key,Start Month,Total Deaths,Insured Damage ('000 US$)_corrigido",0.41067539309840734,99.44433010907593,4
4,"Classification Key,Start Month,Total Deaths,Total Damage ('000 US$)_corrigido",0.40223416882736773,99.60897303972011,4
4,"Classification Key,Start Month,No. Injured,No. Affected",0.39507793814830944,99.60897303972011,6
4,"Classification Key,Start Month,No. Injured,No. Homeless",0.3940502974379113,99.58839267338958,10
4,"Classification Key,Start Month,No. Injured,Total Affected",0.39343759094841696,99.60897303972011,6
4,"Classification Key,Start Month,No. Injured,Number of Days",0.4015543941832357,99.50607120806751,5
4,"Classification Key,Start Month,No. Injured,Total Impacted",0.39343775379803747,99.60897303972011,6
4,"Classification Key,Start Month,No. Injured,Fatality Rate",0.34988690960219854,99.25910681210125,10
4,"Classification Key,Start Month,No. Injured,Insured Damage ('000 US$)_corrigido",0.4095037578840361,99.7941963366948,4
4,"Classification Key,Start Month,No. Injured,Total Damage ('000 US$)_corrigido",0.3968400144138717,99.58839267338958,5
4,"Classification Key,Start Month,No. Affected,No. Homeless",0.4018297954490542,99.65013377238114,4
4,"Classification Key,Start Month,No. Affected,Total Affected",0.3945012518798899,99.77361597036428,4
4,"Classification Key,Start Month,No. Affected,Number of Days",0.38281031642102925,99.81477670302532,6
4,"Classification Key,Start Month,No. Affected,Total Impacted",0.3945011226742443,99.77361597036428,4
4,"Classification Key,Start Month,No. Affected,Fatality Rate",0.3496242011328944,99.34142827742333,3
4,"Classification Key,Start Month,No. Affected,Insured Damage ('000 US$)_corrigido",0.36336829604743254,99.32084791109281,6
4,"Classification Key,Start Month,No. Affected,Total Damage ('000 US$)_corrigido",0.3661556419695669,99.42374974274541,6
4,"Classification Key,Start Month,No. Homeless,Total Affected",0.4018313592321059,99.67071413871167,4
4,"Classification Key,Start Month,No. Homeless,Number of Days",0.3766381477421706,99.40316937641491,6
4,"Classification Key,Start Month,No. Homeless,Total Impacted",0.4018312323460421,99.6912945050422,4
4,"Classification Key,Start Month,No. Homeless,Fatality Rate",0.3488969271936058,99.44433010907593,3
4,"Classification Key,Start Month,No. Homeless,Insured Damage ('000 US$)_corrigido",0.3803482083666329,99.81477670302532,3
4,"Classification Key,Start Month,No. Homeless,Total Damage ('000 US$)_corrigido",0.3979381299665585,99.56781230705907,7
4,"Classification Key,Start Month,Total Affected,Number of Days",0.40116379476893177,99.6912945050422,5
4,"Classification Key,Start Month,Total Affected,Total Impacted",0.39465226774801127,99.83535706935584,4
4,"Classification Key,Start Month,Total Affected,Fatality Rate",0.35035064911435315,99.34142827742333,3
4,"Classification Key,Start Month,Total Affected,Insured Damage ('000 US$)_corrigido",0.38859573202822517,99.62955340605063,4
4,"Classification Key,Start Month,Total Affected,Total Damage ('000 US$)_corrigido",0.3832687512081988,99.54723194072854,4
4,"Classification Key,Start Month,Number of Days,Total Impacted",0.40116352104735825,99.6912945050422,5
4,"Classification Key,Start Month,Number of Days,Fatality Rate",0.3846290127945772,99.48549084173698,3
4,"Classification Key,Start Month,Number of Days,Insured Damage ('000 US$)_corrigido",0.3744954559588191,99.46491047540647,4
4,"Classification Key,Start Month,Number of Days,Total Damage ('000 US$)_corrigido",0.39468185845662324,99.48549084173698,5
4,"Classification Key,Start Month,Total Impacted,Fatality Rate",0.35035035637384226,99.34142827742333,3
4,"Classification Key,Start Month,Total Impacted,Insured Damage ('000 US$)_corrigido",0.38859574621807086,99.62955340605063,4
4,"Classification Key,Start Month,Total Impacted,Total Damage ('000 US$)_corrigido",0.383268911554041,99.54723194072854,4
4,"Classification Key,Start Month,Fatality Rate,Insured Damage ('000 US$)_corrigido",0.3483759873574724,99.07388351512657,3
4,"Classification Key,Start Month,Fatality Rate,Total Damage ('000 US$)_corrigido",0.3518162071727207,99.05330314879605,7
4,"Classification Key,Start Month,Insured Damage ('000 US$)_corrigido,Total Damage ('000 US$)_corrigido",0.40929784981467904,99.54723194072854,4
4,"Classification Key,Total Deaths,No. Injured,No. Affected",0.7371913023068691,99.77361597036428,5
4,"Classification Key,Total Deaths,No. Injured,No. Homeless",0.752883279019662,99.91767853467792,5
4,"Classification Key,Total Deaths,No. Injured,Total Affected",0.6992900635807565,99.75303560403374,6
4,"Classification Key,Total Deaths,No. Injured,Number of Days",0.6668941459959431,99.75303560403374,6
4,"Classification Key,Total Deaths,No. Injured,Total Impacted",0.6992901082789929,99.75303560403374,6
4,"Classification Key,Total Deaths,No. Injured,Fatality Rate",0.6090123412823415,99.48549084173698,8
4,"Classification Key,Total Deaths,No. Injured,Insured Damage ('000 US$)_corrigido",0.7530787166908215,99.85593743568636,6
4,"Classification Key,Total Deaths,No. Injured,Total Damage ('000 US$)_corrigido",0.7036464544982427,99.75303560403374,7
4,"Classification Key,Total Deaths,No. Affected,No. Homeless",0.704095227647004,99.85593743568636,6
4,"Classification Key,Total Deaths,No. Affected,Total Affected",0.6710280724306364,99.83535706935584,6
4,"Classification Key,Total Deaths,No. Affected,Number of Days",0.6530488692751797,99.60897303972011,6
4,"Classification Key,Total Deaths,No. Affected,Total Impacted",0.6710274887481484,99.85593743568636,6
4,"Classification Key,Total Deaths,No. Affected,Fatality Rate",0.5814227764644506,99.44433010907593,9
4,"Classification Key,Total Deaths,No. Affected,Insured Damage ('000 US$)_corrigido",0.6670090979844446,99.8970981683474,4
4,"Classification Key,Total Deaths,No. Affected,Total Damage ('000 US$)_corrigido",0.6419843078949937,99.7941963366948,4
4,"Classification Key,Total Deaths,No. Homeless,Total Affected",0.7043065464019163,99.83535706935584,6
4,"Classification Key,Total Deaths,No. Homeless,Number of Days",0.6760234118247657,99.83535706935584,6
4,"Classification Key,Total Deaths,No. Homeless,Total Impacted",0.7043070125661894,99.83535706935584,6
4,"Classification Key,Total Deaths,No. Homeless,Fatality Rate",0.5944614711263666,99.62955340605063,7
4,"Classification Key,Total Deaths,No. Homeless,Insured Damage ('000 US$)_corrigido",0.7067187235621096,99.81477670302532,4
4,"Classification Key,Total Deaths,No. Homeless,Total Damage ('000 US$)_corrigido",0.7293544615986312,99.7941963366948,6
4,"Classification Key,Total Deaths,Total Affected,Number of Days",0.6593201012087871,99.67071413871167,6
4,"Classification Key,Total Deaths,Total Affected,Total Impacted",0.7276629058779441,99.83535706935584,5
4,"Classification Key,Total Deaths,Total Affected,Fatality Rate",0.5842503638118572,99.54723194072854,8
4,"Classification Key,Total Deaths,Total Affected,Insured Damage ('000 US$)_corrigido",0.6668557121341934,99.87651780201688,4
4,"Classification Key,Total Deaths,Total Affected,Total Damage ('000 US$)_corrigido",0.642373197102135,99.8970981683474,4
4,"Classification Key,Total Deaths,Number of Days,Total Impacted",0.6593202648252671,99.67071413871167,6
4,"Classification Key,Total Deaths,Number of Days,Fatality Rate",0.569774315774744,99.58839267338958,9
4,"Classification Key,Total Deaths,Number of Days,Insured Damage ('000 US$)_corrigido",0.6450595412853052,99.7941963366948,5
4,"Classification Key,Total Deaths,Number of Days,Total Damage ('000 US$)_corrigido",0.6518476809242354,99.75303560403374,6
4,"Classification Key,Total Deaths,Total Impacted,Fatality Rate",0.584250325130825,99.54723194072854,8
4,"Classification Key,Total Deaths,Total Impacted,Insured Damage ('000 US$)_corrigido",0.6668559259257806,99.87651780201688,4
4,"Classification Key,Total Deaths,Total Impacted,Total Damage ('000 US$)_corrigido",0.6419382197572795,99.7941963366948,4
4,"Classification Key,Total Deaths,Fatality Rate,Insured Damage ('000 US$)_corrigido",0.5996045888578022,99.50607120806751,7
4,"Classification Key,Total Deaths,Fatality Rate,Total Damage ('000 US$)_corrigido",0.5646154529057545,99.50607120806751,9
4,"Classification Key,Total Deaths,Insured Damage ('000 US$)_corrigido,Total Damage ('000 US$)_corrigido",0.7299239204098413,99.77361597036428,6
4,"Classification Key,No. Injured,No. Affected,No. Homeless",0.6889735553650025,99.91767853467792,7
4,"Classification Key,No. Injured,No. Affected,Total Affected",0.7361822504402192,99.93825890100844,5
4,"Classification Key,No. Injured,No. Affected,Number of Days",0.6629760125183519,99.56781230705907,6
4,"Classification Key,No. Injured,No. Affected,Total Impacted",0.7361804498137408,99.93825890100844,5
4,"Classification Key,No. Injured,No. Affected,Fatality Rate",0.5766125402693514,99.65013377238114,9
4,"Classification Key,No. Injured,No. Affected,Insured Damage ('000 US$)_corrigido",0.7193266022150698,99.81477670302532,5
4,"Classification Key,No. Injured,No. Affected,Total Damage ('000 US$)_corrigido",0.7153761707946716,99.7941963366948,7
4,"Classification Key,No. Injured,No. Homeless,Total Affected",0.7242428783856025,99.8970981683474,5
4,"Classification Key,No. Injured,No. Homeless,Number of Days",0.673589982490391,99.71187487137271,6
4,"Classification Key,No. Injured,No. Homeless,Total Impacted",0.7242406101433083,99.87651780201688,5
4,"Classification Key,No. Injured,No. Homeless,Fatality Rate",0.6129900519953372,99.44433010907593,8
4,"Classification Key,No. Injured,No. Homeless,Insured Damage ('000 US$)_corrigido",0.7063021105468106,99.85593743568636,4
4,"Classification Key,No. Injured,No. Homeless,Total Damage ('000 US$)_corrigido",0.7097465056847267,99.87651780201688,5
4,"Classification Key,No. Injured,Total Affected,Number of Days",0.6629138879139646,99.75303560403374,6
4,"Classification Key,No. Injured,Total Affected,Total Impacted",0.733931511121119,99.91767853467792,5
4,"Classification Key,No. Injured,Total Affected,Fatality Rate",0.6090834049644398,99.50607120806751,10
4,"Classification Key,No. Injured,Total Affected,Insured Damage ('000 US$)_corrigido",0.719150783426538,99.7941963366948,5
4,"Classification Key,No. Injured,Total Affected,Total Damage ('000 US$)_corrigido",0.7153106699096199,99.7941963366948,7
4,"Classification Key,No. Injured,Number of Days,Total Impacted",0.6629122054611609,99.75303560403374,6
4,"Classification Key,No. Injured,Number of Days,Fatality Rate",0.5747257312147772,99.40316937641491,9
4,"Classification Key,No. Injured,Number of Days,Insured Damage ('000 US$)_corrigido",0.647136100878959,99.83535706935584,5
4,"Classification Key,No. Injured,Number of Days,Total Damage ('000 US$)_corrigido",0.6719523154930356,99.91767853467792,7
4,"Classification Key,No. Injured,Total Impacted,Fatality Rate",0.5764128900676707,99.71187487137271,9
4,"Classification Key,No. Injured,Total Impacted,Insured Damage ('000 US$)_corrigido",0.7191494307571947,99.7941963366948,5
4,"Classification Key,No. Injured,Total Impacted,Total Damage ('000 US$)_corrigido",0.7153101249473257,99.7941963366948,7
4,"Classification Key,No. Injured,Fatality Rate,Insured Damage ('000 US$)_corrigido",0.5976078860359398,99.25910681210125,10
4,"Classification Key,No. Injured,Fatality Rate,Total Damage ('000 US$)_corrigido",0.5854147829390993,99.25910681210125,9
4,"Classification Key,No. Injured,Insured Damage ('000 US$)_corrigido,Total Damage ('000 US$)_corrigido",0.7033332279656009,99.85593743568636,7
4,"Classification Key,No. Affected,No. Homeless,Total Affected",0.6776257780000857,99.83535706935584,10
4,"Classification Key,No. Affected,No. Homeless,Number of Days",0.6552081088462778,99.7941963366948,6
4,"Classification Key,No. Affected,No. Homeless,Total Impacted",0.6616363681305928,99.95883926733896,7
4,"Classification Key,No. Affected,No. Homeless,Fatality Rate",0.5820987753542477,99.62955340605063,8
4,"Classification Key,No. Affected,No. Homeless,Insured Damage ('000 US$)_corrigido",0.7116498080046219,99.83535706935584,5
4,"Classification Key,No. Affected,No. Homeless,Total Damage ('000 US$)_corrigido",0.6933607890118724,99.83535706935584,7
4,"Classification Key,No. Affected,Total Affected,Number of Days",0.6620517389106726,99.71187487137271,6
4,"Classification Key,No. Affected,Total Affected,Total Impacted",0.7308422327621906,100.0,5
4,"Classification Key,No. Affected,Total Affected,Fatality Rate",0.5931334956333716,99.40316937641491,9
4,"Classification Key,No. Affected,Total Affected,Insured Damage ('000 US$)_corrigido",0.6589617837729859,99.7941963366948,6
4,"Classification Key,No. Affected,Total Affected,Total Damage ('000 US$)_corrigido",0.7039920637167008,99.40316937641491,6
4,"Classification Key,No. Affected,Number of Days,Total Impacted",0.6620502511062577,99.71187487137271,6
4,"Classification Key,No. Affected,Number of Days,Fatality Rate",0.5297701264538569,99.36200864375387,9
4,"Classification Key,No. Affected,Number of Days,Insured Damage ('000 US$)_corrigido",0.6281558804027342,99.52665157439803,6
4,"Classification Key,No. Affected,Number of Days,Total Damage ('000 US$)_corrigido",0.6466379734045479,99.71187487137271,7
4,"Classification Key,No. Affected,Total Impacted,Fatality Rate",0.5931310983130438,99.46491047540647,9
4,"Classification Key,No. Affected,Total Impacted,Insured Damage ('000 US$)_corrigido",0.6589571119636704,99.7941963366948,6
4,"Classification Key,No. Affected,Total Impacted,Total Damage ('000 US$)_corrigido",0.7039911875884431,99.42374974274541,6
4,"Classification Key,No. Affected,Fatality Rate,Insured Damage ('000 US$)_corrigido",0.6038787052606469,99.3002675447623,10
4,"Classification Key,No. Affected,Fatality Rate,Total Damage ('000 US$)_corrigido",0.5839796338973805,99.62955340605063,8
4,"Classification Key,No. Affected,Insured Damage ('000 US$)_corrigido,Total Damage ('000 US$)_corrigido",0.6519796452924476,99.60897303972011,5
4,"Classification Key,No. Homeless,Total Affected,Number of Days",0.6515540203878541,99.65013377238114,6
4,"Classification Key,No. Homeless,Total Affected,Total Impacted",0.661583367832672,99.87651780201688,7
4,"Classification Key,No. Homeless,Total Affected,Fatality Rate",0.6020574340148972,99.52665157439803,10
4,"Classification Key,No. Homeless,Total Affected,Insured Damage ('000 US$)_corrigido",0.6992739896349667,99.77361597036428,5
4,"Classification Key,No. Homeless,Total Affected,Total Damage ('000 US$)_corrigido",0.7091728833840636,99.58839267338958,6
4,"Classification Key,No. Homeless,Number of Days,Total Impacted",0.6515521279613044,99.65013377238114,6
4,"Classification Key,No. Homeless,Number of Days,Fatality Rate",0.5592306090457607,99.44433010907593,9
4,"Classification Key,No. Homeless,Number of Days,Insured Damage ('000 US$)_corrigido",0.6438350923341714,99.75303560403374,9
4,"Classification Key,No. Homeless,Number of Days,Total Damage ('000 US$)_corrigido",0.6218582573640601,99.52665157439803,8
4,"Classification Key,No. Homeless,Total Impacted,Fatality Rate",0.6017717658759119,99.50607120806751,10
4,"Classification Key,No. Homeless,Total Impacted,Insured Damage ('000 US$)_corrigido",0.6992721212526896,99.77361597036428,5
4,"Classification Key,No. Homeless,Total Impacted,Total Damage ('000 US$)_corrigido",0.7091718644663904,99.58839267338958,6
4,"Classification Key,No. Homeless,Fatality Rate,Insured Damage ('000 US$)_corrigido",0.6033445335057268,99.34142827742333,10
4,"Classification Key,No. Homeless,Fatality Rate,Total Damage ('000 US$)_corrigido",0.5795000693028438,99.21794607944021,10
4,"Classification Key,No. Homeless,Insured Damage ('000 US$)_corrigido,Total Damage ('000 US$)_corrigido",0.7060030067423059,99.81477670302532,6
4,"Classification Key,Total Affected,Number of Days,Total Impacted",0.6620042245698966,99.77361597036428,6
4,"Classification Key,Total Affected,Number of Days,Fatality Rate",0.5614606335080423,99.46491047540647,9
4,"Classification Key,Total Affected,Number of Days,Insured Damage ('000 US$)_corrigido",0.6336202011862979,99.44433010907593,6
4,"Classification Key,Total Affected,Number of Days,Total Damage ('000 US$)_corrigido",0.6456243379288857,99.6912945050422,7
4,"Classification Key,Total Affected,Total Impacted,Fatality Rate",0.6015782299364086,99.58839267338958,10
4,"Classification Key,Total Affected,Total Impacted,Insured Damage ('000 US$)_corrigido",0.6599968500816883,99.71187487137271,6
4,"Classification Key,Total Affected,Total Impacted,Total Damage ('000 US$)_corrigido",0.7131361037069965,99.58839267338958,6
4,"Classification Key,Total Affected,Fatality Rate,Insured Damage ('000 US$)_corrigido",0.6013291446475933,99.38258901008437,9
4,"Classification Key,Total Affected,Fatality Rate,Total Damage ('000 US$)_corrigido",0.5911930172846747,99.40316937641491,10
4,"Classification Key,Total Affected,Insured Damage ('000 US$)_corrigido,Total Damage ('000 US$)_corrigido",0.6519086338322492,99.60897303972011,5
4,"Classification Key,Number of Days,Total Impacted,Fatality Rate",0.5320064161344567,99.38258901008437,7
4,"Classification Key,Number of Days,Total Impacted,Insured Damage ('000 US$)_corrigido",0.6281087527493838,99.54723194072854,6
4,"Classification Key,Number of Days,Total Impacted,Total Damage ('000 US$)_corrigido",0.6456238890850428,99.6912945050422,7
4,"Classification Key,Number of Days,Fatality Rate,Insured Damage ('000 US$)_corrigido",0.5394281113327635,99.42374974274541,9
4,"Classification Key,Number of Days,Fatality Rate,Total Damage ('000 US$)_corrigido",0.5313071297471011,99.62955340605063,3
4,"Classification Key,Number of Days,Insured Damage ('000 US$)_corrigido,Total Damage ('000 US$)_corrigido",0.6554412617021277,99.65013377238114,7
4,"Classification Key,Total Impacted,Fatality Rate,Insured Damage ('000 US$)_corrigido",0.6060897973804482,99.60897303972011,9
4,"Classification Key,Total Impacted,Fatality Rate,Total Damage ('000 US$)_corrigido",0.5911918631135717,99.38258901008437,10
4,"Classification Key,Total Impacted,Insured Damage ('000 US$)_corrigido,Total Damage ('000 US$)_corrigido",0.6519082131500341,99.60897303972011,5
4,"Classification Key,Fatality Rate,Insured Damage ('000 US$)_corrigido,Total Damage ('000 US$)_corrigido",0.6052230267195022,99.60897303972011,7
4,"Country,Subregion,Region,OFDA/BHA Response",0.5129085525669491,100.0,10
4,"Country,Subregion,Region,Appeal",0.5091582323903368,99.91767853467792,9
4,"Country,Subregion,Region,Declaration",0.5019801790181343,100.0,10
4,"Country,Subregion,Region,Start Year",0.32305089130007514,99.17678534677917,9
4,"Country,Subregion,Region,Start Month",0.31215720203976904,99.6912945050422,10
4,"Country,Subregion,Region,Total Deaths",0.523755226657463,99.8970981683474,10
4,"Country,Subregion,Region,No. Injured",0.49864410589410596,99.81477670302532,8
4,"Country,Subregion,Region,No. Affected",0.45843525109053357,99.87651780201688,10
4,"Country,Subregion,Region,No. Homeless",0.494030840396326,99.87651780201688,9
4,"Country,Subregion,Region,Total Affected",0.4790860521768595,99.91767853467792,9
4,"Country,Subregion,Region,Number of Days",0.4553040871972665,99.7941963366948,10
4,"Country,Subregion,Region,Total Impacted",0.47908514108884764,99.91767853467792,9
4,"Country,Subregion,Region,Fatality Rate",0.35998507958484377,99.50607120806751,9
4,"Country,Subregion,Region,Insured Damage ('000 US$)_corrigido",0.5141012789690698,99.8970981683474,10
4,"Country,Subregion,Region,Total Damage ('000 US$)_corrigido",0.4842811018562091,99.7941963366948,10
4,"Country,Subregion,OFDA/BHA Response,Appeal",0.5368220039093116,99.97941963366948,6
4,"Country,Subregion,OFDA/BHA Response,Declaration",0.5341298182147997,100.0,6
4,"Country,Subregion,OFDA/BHA Response,Start Year",0.3807661507737991,99.32084791109281,9
4,"Country,Subregion,OFDA/BHA Response,Start Month",0.3541306798482718,99.60897303972011,8
4,"Country,Subregion,OFDA/BHA Response,Total Deaths",0.5271271078051107,99.81477670302532,9
4,"Country,Subregion,OFDA/BHA Response,No. Injured",0.5234059997305588,99.71187487137271,10
4,"Country,Subregion,OFDA/BHA Response,No. Affected",0.4894993116926083,99.91767853467792,5
4,"Country,Subregion,OFDA/BHA Response,No. Homeless",0.5272951094328721,99.81477670302532,9
4,"Country,Subregion,OFDA/BHA Response,Total Affected",0.49098549929317387,99.87651780201688,6
4,"Country,Subregion,OFDA/BHA Response,Number of Days",0.4916880488613695,99.8970981683474,6
4,"Country,Subregion,OFDA/BHA Response,Total Impacted",0.49098545493722895,99.87651780201688,6
4,"Country,Subregion,OFDA/BHA Response,Fatality Rate",0.433990613286809,99.65013377238114,8
4,"Country,Subregion,OFDA/BHA Response,Insured Damage ('000 US$)_corrigido",0.5097260083522748,99.95883926733896,6
4,"Country,Subregion,OFDA/BHA Response,Total Damage ('000 US$)_corrigido",0.48081657205552014,99.8970981683474,9
4,"Country,Subregion,Appeal,Declaration",0.535707184295851,100.0,6
4,"Country,Subregion,Appeal,Start Year",0.37233266123931474,99.32084791109281,8
4,"Country,Subregion,Appeal,Start Month",0.3448293940843656,99.7941963366948,8
4,"Country,Subregion,Appeal,Total Deaths",0.5303057148123027,99.85593743568636,9
4,"Country,Subregion,Appeal,No. Injured",0.5199118321559761,99.81477670302532,5
4,"Country,Subregion,Appeal,No. Affected",0.4960086191011674,99.93825890100844,5
4,"Country,Subregion,Appeal,No. Homeless",0.5226121770860375,99.93825890100844,10
4,"Country,Subregion,Appeal,Total Affected",0.4914762177753458,99.81477670302532,5
4,"Country,Subregion,Appeal,Number of Days",0.48308028176937273,99.87651780201688,6
4,"Country,Subregion,Appeal,Total Impacted",0.46955299808731615,99.97941963366948,4
4,"Country,Subregion,Appeal,Fatality Rate",0.4293131866721139,99.38258901008437,8
4,"Country,Subregion,Appeal,Insured Damage ('000 US$)_corrigido",0.5103419326630251,99.95883926733896,5
4,"Country,Subregion,Appeal,Total Damage ('000 US$)_corrigido",0.4990410322963241,99.91767853467792,6
4,"Country,Subregion,Declaration,Start Year",0.3687095735754931,99.15620498044865,9
4,"Country,Subregion,Declaration,Start Month",0.3456683537161516,99.75303560403374,8
4,"Country,Subregion,Declaration,Total Deaths",0.5239003862047112,99.8970981683474,5
4,"Country,Subregion,Declaration,No. Injured",0.522911897826246,99.85593743568636,5
4,"Country,Subregion,Declaration,No. Affected",0.49785251766896016,99.8970981683474,5
4,"Country,Subregion,Declaration,No. Homeless",0.520328762210875,99.73245523770323,5
4,"Country,Subregion,Declaration,Total Affected",0.4950393178020421,99.93825890100844,5
4,"Country,Subregion,Declaration,Number of Days",0.49272363172634687,99.83535706935584,6
4,"Country,Subregion,Declaration,Total Impacted",0.49503919956355463,99.93825890100844,5
4,"Country,Subregion,Declaration,Fatality Rate",0.43310792462288683,99.44433010907593,8
4,"Country,Subregion,Declaration,Insured Damage ('000 US$)_corrigido",0.5112263491318384,99.97941963366948,5
4,"Country,Subregion,Declaration,Total Damage ('000 US$)_corrigido",0.5020570348067968,99.95883926733896,5
4,"Country,Subregion,Start Year,Start Month",0.24568764281782074,96.27495369417576,10
4,"Country,Subregion,Start Year,Total Deaths",0.3599615880189642,99.23852644577073,7
4,"Country,Subregion,Start Year,No. Injured",0.33566277853510534,99.21794607944021,6
4,"Country,Subregion,Start Year,No. Affected",0.326395236376342,99.11504424778761,5
4,"Country,Subregion,Start Year,No. Homeless",0.3348719167919458,99.21794607944021,6
4,"Country,Subregion,Start Year,Total Affected",0.34087245299729746,98.88866021815188,8
4,"Country,Subregion,Start Year,Number of Days",0.3427122746812785,99.03272278246553,9
4,"Country,Subregion,Start Year,Total Impacted",0.34087246298402507,98.86807985182136,8
4,"Country,Subregion,Start Year,Fatality Rate",0.2982943213286299,97.55093640666804,10
4,"Country,Subregion,Start Year,Insured Damage ('000 US$)_corrigido",0.3560860155506923,99.54723194072854,8
4,"Country,Subregion,Start Year,Total Damage ('000 US$)_corrigido",0.341146406079143,99.012142416135,7
4,"Country,Subregion,Start Month,Total Deaths",0.34275976082135096,99.44433010907593,8
4,"Country,Subregion,Start Month,No. Injured",0.33435480588548383,99.42374974274541,7
4,"Country,Subregion,Start Month,No. Affected",0.30300968445111587,99.52665157439803,9
4,"Country,Subregion,Start Month,No. Homeless",0.3036926204158937,99.40316937641491,9
4,"Country,Subregion,Start Month,Total Affected",0.3005470868761538,99.44433010907593,8
4,"Country,Subregion,Start Month,Number of Days",0.31721172712967766,99.25910681210125,8
4,"Country,Subregion,Start Month,Total Impacted",0.29469883466841257,98.7034369211772,10
4,"Country,Subregion,Start Month,Fatality Rate",0.27767663900282297,97.63325787199012,10
4,"Country,Subregion,Start Month,Insured Damage ('000 US$)_corrigido",0.3155793488381469,99.09446388145709,7
4,"Country,Subregion,Start Month,Total Damage ('000 US$)_corrigido",0.30740236662271664,99.40316937641491,5
4,"Country,Subregion,Total Deaths,No. Injured",0.483501930075282,99.77361597036428,7
4,"Country,Subregion,Total Deaths,No. Affected",0.47006511191492456,99.7941963366948,10
4,"Country,Subregion,Total Deaths,No. Homeless",0.47340769637881797,99.81477670302532,10
4,"Country,Subregion,Total Deaths,Total Affected",0.45563752685523445,99.67071413871167,10
4,"Country,Subregion,Total Deaths,Number of Days",0.4713899652037623,99.62955340605063,5
4,"Country,Subregion,Total Deaths,Total Impacted",0.45563780562389383,99.67071413871167,10
4,"Country,Subregion,Total Deaths,Fatality Rate",0.4051368853033628,99.52665157439803,5
4,"Country,Subregion,Total Deaths,Insured Damage ('000 US$)_corrigido",0.468388485866284,99.83535706935584,10
4,"Country,Subregion,Total Deaths,Total Damage ('000 US$)_corrigido",0.46424028655768657,99.91767853467792,3
4,"Country,Subregion,No. Injured,No. Affected",0.4509685469308036,99.85593743568636,3
4,"Country,Subregion,No. Injured,No. Homeless",0.4706961226586918,99.93825890100844,3
4,"Country,Subregion,No. Injured,Total Affected",0.44139104257795847,99.6912945050422,9
4,"Country,Subregion,No. Injured,Number of Days",0.45124625795889656,99.73245523770323,10
4,"Country,Subregion,No. Injured,Total Impacted",0.4413909128894945,99.6912945050422,9
4,"Country,Subregion,No. Injured,Fatality Rate",0.40924579637295666,99.05330314879605,8
4,"Country,Subregion,No. Injured,Insured Damage ('000 US$)_corrigido",0.48478966276908636,99.50607120806751,10
4,"Country,Subregion,No. Injured,Total Damage ('000 US$)_corrigido",0.46776040061799035,99.56781230705907,10
4,"Country,Subregion,No. Affected,No. Homeless",0.4622026417579509,99.71187487137271,6
4,"Country,Subregion,No. Affected,Total Affected",0.4483840203179781,99.7941963366948,7
4,"Country,Subregion,No. Affected,Number of Days",0.4564927522596099,99.56781230705907,5
4,"Country,Subregion,No. Affected,Total Impacted",0.47448833505332977,99.7941963366948,10
4,"Country,Subregion,No. Affected,Fatality Rate",0.40433487953427594,99.44433010907593,7
4,"Country,Subregion,No. Affected,Insured Damage ('000 US$)_corrigido",0.4746211478758269,99.87651780201688,10
4,"Country,Subregion,No. Affected,Total Damage ('000 US$)_corrigido",0.47148445672216893,99.71187487137271,7
4,"Country,Subregion,No. Homeless,Total Affected",0.47877403194941326,99.56781230705907,10
4,"Country,Subregion,No. Homeless,Number of Days",0.4754386809323601,99.73245523770323,5
4,"Country,Subregion,No. Homeless,Total Impacted",0.4594954051542069,99.83535706935584,6
4,"Country,Subregion,No. Homeless,Fatality Rate",0.416490968672422,99.13562461411813,7
4,"Country,Subregion,No. Homeless,Insured Damage ('000 US$)_corrigido",0.48671585966382375,99.91767853467792,7
4,"Country,Subregion,No. Homeless,Total Damage ('000 US$)_corrigido",0.4921329396440986,99.85593743568636,4
4,"Country,Subregion,Total Affected,Number of Days",0.4564516437850272,99.56781230705907,5
4,"Country,Subregion,Total Affected,Total Impacted",0.49932059865496203,99.91767853467792,9
4,"Country,Subregion,Total Affected,Fatality Rate",0.38979727717207235,99.48549084173698,6
4,"Country,Subregion,Total Affected,Insured Damage ('000 US$)_corrigido",0.4563919219941032,99.73245523770323,7
4,"Country,Subregion,Total Affected,Total Damage ('000 US$)_corrigido",0.4709678841986502,99.7941963366948,7
4,"Country,Subregion,Number of Days,Total Impacted",0.456451425011336,99.56781230705907,5
4,"Country,Subregion,Number of Days,Fatality Rate",0.3995631694835447,99.27968717843177,9
4,"Country,Subregion,Number of Days,Insured Damage ('000 US$)_corrigido",0.4662627959769309,99.71187487137271,5
4,"Country,Subregion,Number of Days,Total Damage ('000 US$)_corrigido",0.4446501237122649,99.54723194072854,7
4,"Country,Subregion,Total Impacted,Fatality Rate",0.3897972186914273,99.48549084173698,6
4,"Country,Subregion,Total Impacted,Insured Damage ('000 US$)_corrigido",0.45639160626513686,99.73245523770323,7
4,"Country,Subregion,Total Impacted,Total Damage ('000 US$)_corrigido",0.47096777021258457,99.7941963366948,7
4,"Country,Subregion,Fatality Rate,Insured Damage ('000 US$)_corrigido",0.43233458707538297,99.44433010907593,8
4,"Country,Subregion,Fatality Rate,Total Damage ('000 US$)_corrigido",0.4035611714084029,99.11504424778761,7
4,"Country,Subregion,Insured Damage ('000 US$)_corrigido,Total Damage ('000 US$)_corrigido",0.4722616774516933,99.8970981683474,7
4,"Country,Region,OFDA/BHA Response,Appeal",0.5132319847997177,100.0,10
4,"Country,Region,OFDA/BHA Response,Declaration",0.5198048098596596,99.97941963366948,10
4,"Country,Region,OFDA/BHA Response,Start Year",0.3393883112001675,99.40316937641491,8
4,"Country,Region,OFDA/BHA Response,Start Month",0.3198497170734212,99.91767853467792,9
4,"Country,Region,OFDA/BHA Response,Total Deaths",0.5204538434567746,99.81477670302532,9
4,"Country,Region,OFDA/BHA Response,No. Injured",0.5444848227000801,99.8970981683474,10
4,"Country,Region,OFDA/BHA Response,No. Affected",0.4883309900977147,99.77361597036428,10
4,"Country,Region,OFDA/BHA Response,No. Homeless",0.5199386583131098,99.83535706935584,9
4,"Country,Region,OFDA/BHA Response,Total Affected",0.4786459011008015,99.8970981683474,9
4,"Country,Region,OFDA/BHA Response,Number of Days",0.47489530316286144,99.77361597036428,10
4,"Country,Region,OFDA/BHA Response,Total Impacted",0.478645200480533,99.8970981683474,9
4,"Country,Region,OFDA/BHA Response,Fatality Rate",0.3918226954746796,99.73245523770323,10
4,"Country,Region,OFDA/BHA Response,Insured Damage ('000 US$)_corrigido",0.49161665907084884,99.97941963366948,9
4,"Country,Region,OFDA/BHA Response,Total Damage ('000 US$)_corrigido",0.4807458807481556,99.81477670302532,8
4,"Country,Region,Appeal,Declaration",0.5153556019704121,99.97941963366948,9
4,"Country,Region,Appeal,Start Year",0.33192605211736853,99.65013377238114,8
4,"Country,Region,Appeal,Start Month",0.311468732555724,99.87651780201688,10
4,"Country,Region,Appeal,Total Deaths",0.5693469917455211,99.87651780201688,10
4,"Country,Region,Appeal,No. Injured",0.5307469429877287,99.71187487137271,10
4,"Country,Region,Appeal,No. Affected",0.48763922346330535,99.93825890100844,9
4,"Country,Region,Appeal,No. Homeless",0.5491361912838147,99.87651780201688,10
4,"Country,Region,Appeal,Total Affected",0.4947680570368407,99.91767853467792,10
4,"Country,Region,Appeal,Number of Days",0.45118006005095884,99.71187487137271,10
4,"Country,Region,Appeal,Total Impacted",0.49162930206914,99.95883926733896,10
4,"Country,Region,Appeal,Fatality Rate",0.38148197390214444,99.62955340605063,8
4,"Country,Region,Appeal,Insured Damage ('000 US$)_corrigido",0.5498235427232355,99.91767853467792,10
4,"Country,Region,Appeal,Total Damage ('000 US$)_corrigido",0.518687181175109,99.81477670302532,10
4,"Country,Region,Declaration,Start Year",0.3231873763230365,99.34142827742333,8
4,"Country,Region,Declaration,Start Month",0.3136810765008585,99.65013377238114,7
4,"Country,Region,Declaration,Total Deaths",0.5177502095295748,99.87651780201688,10
4,"Country,Region,Declaration,No. Injured",0.5036621845562252,99.85593743568636,10
4,"Country,Region,Declaration,No. Affected",0.48191833489485036,99.7941963366948,10
4,"Country,Region,Declaration,No. Homeless",0.5156561522110286,99.77361597036428,10
4,"Country,Region,Declaration,Total Affected",0.5083283123415328,99.85593743568636,10
4,"Country,Region,Declaration,Number of Days",0.4469928340931521,99.67071413871167,7
4,"Country,Region,Declaration,Total Impacted",0.5083272160593172,99.85593743568636,10
4,"Country,Region,Declaration,Fatality Rate",0.3991951308143302,99.56781230705907,10
4,"Country,Region,Declaration,Insured Damage ('000 US$)_corrigido",0.5534525270373618,99.85593743568636,10
4,"Country,Region,Declaration,Total Damage ('000 US$)_corrigido",0.4760758894135091,99.87651780201688,7
4,"Country,Region,Start Year,Start Month",0.2172575961904074,96.76888248610825,8
4,"Country,Region,Start Year,Total Deaths",0.3130154217772637,99.67071413871167,7
4,"Country,Region,Start Year,No. Injured",0.31520278126447127,99.11504424778761,7
4,"Country,Region,Start Year,No. Affected",0.2891952266722085,99.15620498044865,7
4,"Country,Region,Start Year,No. Homeless",0.30025008966292294,99.56781230705907,7
4,"Country,Region,Start Year,Total Affected",0.27411108793040423,98.9092405844824,6
4,"Country,Region,Start Year,Number of Days",0.2990036345039659,98.8063387528298,7
4,"Country,Region,Start Year,Total Impacted",0.2835965786786644,99.13562461411813,7
4,"Country,Region,Start Year,Fatality Rate",0.2681229064266109,97.57151677299856,10
4,"Country,Region,Start Year,Insured Damage ('000 US$)_corrigido",0.3005414923648214,99.34142827742333,10
4,"Country,Region,Start Year,Total Damage ('000 US$)_corrigido",0.3047827269074248,99.012142416135,6
4,"Country,Region,Start Month,Total Deaths",0.28491856833746015,99.60897303972011,7
4,"Country,Region,Start Month,No. Injured",0.28733349233185995,99.67071413871167,6
4,"Country,Region,Start Month,No. Affected",0.276317714170029,99.6912945050422,9
4,"Country,Region,Start Month,No. Homeless",0.28691020643854676,99.34142827742333,10
4,"Country,Region,Start Month,Total Affected",0.27304216434484263,99.44433010907593,6
4,"Country,Region,Start Month,Number of Days",0.27425531449443413,99.03272278246553,9
4,"Country,Region,Start Month,Total Impacted",0.2940992521032868,99.48549084173698,8
4,"Country,Region,Start Month,Fatality Rate",0.24590465504324305,98.27124922823626,10
4,"Country,Region,Start Month,Insured Damage ('000 US$)_corrigido",0.29776234968432574,99.60897303972011,6
4,"Country,Region,Start Month,Total Damage ('000 US$)_corrigido",0.2775026697759428,99.27968717843177,7
4,"Country,Region,Total Deaths,No. Injured",0.5821151384489669,99.81477670302532,10
4,"Country,Region,Total Deaths,No. Affected",0.46347477666528214,99.87651780201688,8
4,"Country,Region,Total Deaths,No. Homeless",0.5611288094056988,99.77361597036428,10
4,"Country,Region,Total Deaths,Total Affected",0.4667335444451096,99.83535706935584,9
4,"Country,Region,Total Deaths,Number of Days",0.4693188676685766,99.73245523770323,9
4,"Country,Region,Total Deaths,Total Impacted",0.4525478236371338,99.73245523770323,10
4,"Country,Region,Total Deaths,Fatality Rate",0.37088280206023233,99.36200864375387,9
4,"Country,Region,Total Deaths,Insured Damage ('000 US$)_corrigido",0.49218726497465604,99.77361597036428,9
4,"Country,Region,Total Deaths,Total Damage ('000 US$)_corrigido",0.48794488123229934,99.75303560403374,9
4,"Country,Region,No. Injured,No. Affected",0.4904736866850687,99.6912945050422,10
4,"Country,Region,No. Injured,No. Homeless",0.5563161808980558,99.77361597036428,9
4,"Country,Region,No. Injured,Total Affected",0.5011497584553322,99.60897303972011,9
4,"Country,Region,No. Injured,Number of Days",0.4802718122378545,99.6912945050422,10
4,"Country,Region,No. Injured,Total Impacted",0.5011486725739481,99.60897303972011,9
4,"Country,Region,No. Injured,Fatality Rate",0.3757519626723602,99.56781230705907,9
4,"Country,Region,No. Injured,Insured Damage ('000 US$)_corrigido",0.5247460487743323,99.60897303972011,10
4,"Country,Region,No. Injured,Total Damage ('000 US$)_corrigido",0.4821306670626505,99.73245523770323,10
4,"Country,Region,No. Affected,No. Homeless",0.4575452946779745,99.85593743568636,8
4,"Country,Region,No. Affected,Total Affected",0.5214308114564276,99.71187487137271,10
4,"Country,Region,No. Affected,Number of Days",0.4403257586153746,99.52665157439803,10
4,"Country,Region,No. Affected,Total Impacted",0.5251013112311244,99.83535706935584,10
4,"Country,Region,No. Affected,Fatality Rate",0.36878597239346805,99.60897303972011,7
4,"Country,Region,No. Affected,Insured Damage ('000 US$)_corrigido",0.5041774279402079,99.62955340605063,10
4,"Country,Region,No. Affected,Total Damage ('000 US$)_corrigido",0.4940349362403117,99.7941963366948,10
4,"Country,Region,No. Homeless,Total Affected",0.5135539353497319,99.73245523770323,10
4,"Country,Region,No. Homeless,Number of Days",0.45146992031161626,99.36200864375387,10
4,"Country,Region,No. Homeless,Total Impacted",0.5135516796817474,99.73245523770323,10
4,"Country,Region,No. Homeless,Fatality Rate",0.37435182913412,99.34142827742333,10
4,"Country,Region,No. Homeless,Insured Damage ('000 US$)_corrigido",0.5375759350280791,99.81477670302532,10
4,"Country,Region,No. Homeless,Total Damage ('000 US$)_corrigido",0.4857105791813555,99.60897303972011,10
4,"Country,Region,Total Affected,Number of Days",0.4402300256045645,99.50607120806751,10
4,"Country,Region,Total Affected,Total Impacted",0.5184157453551403,99.85593743568636,10
4,"Country,Region,Total Affected,Fatality Rate",0.3547381854823742,99.44433010907593,7
4,"Country,Region,Total Affected,Insured Damage ('000 US$)_corrigido",0.4983962825026007,99.81477670302532,10
4,"Country,Region,Total Affected,Total Damage ('000 US$)_corrigido",0.49914744471472206,99.6912945050422,10
4,"Country,Region,Number of Days,Total Impacted",0.44022918747002027,99.50607120806751,10
4,"Country,Region,Number of Days,Fatality Rate",0.3639054235473098,99.48549084173698,10
4,"Country,Region,Number of Days,Insured Damage ('000 US$)_corrigido",0.4323769483640501,99.6912945050422,8
4,"Country,Region,Number of Days,Total Damage ('000 US$)_corrigido",0.4347612266169471,99.71187487137271,10
4,"Country,Region,Total Impacted,Fatality Rate",0.35473785386020606,99.44433010907593,7
4,"Country,Region,Total Impacted,Insured Damage ('000 US$)_corrigido",0.4983949650239188,99.81477670302532,10
4,"Country,Region,Total Impacted,Total Damage ('000 US$)_corrigido",0.49914678106125143,99.75303560403374,10
4,"Country,Region,Fatality Rate,Insured Damage ('000 US$)_corrigido",0.36473339737219657,99.48549084173698,6
4,"Country,Region,Fatality Rate,Total Damage ('000 US$)_corrigido",0.34410335322070396,99.54723194072854,7
4,"Country,Region,Insured Damage ('000 US$)_corrigido,Total Damage ('000 US$)_corrigido",0.4658862191776922,99.7941963366948,10
4,"Country,OFDA/BHA Response,Appeal,Declaration",0.6687003209216168,100.0,10
4,"Country,OFDA/BHA Response,Appeal,Start Year",0.44863157090252187,99.83535706935584,7
4,"Country,OFDA/BHA Response,Appeal,Start Month",0.3989891644996834,99.8970981683474,5
4,"Country,OFDA/BHA Response,Appeal,Total Deaths",0.6478199832222387,99.8970981683474,7
4,"Country,OFDA/BHA Response,Appeal,No. Injured",0.6605946968670808,99.81477670302532,7
4,"Country,OFDA/BHA Response,Appeal,No. Affected",0.616372741108774,99.97941963366948,4
4,"Country,OFDA/BHA Response,Appeal,No. Homeless",0.6412179035002576,99.83535706935584,7
4,"Country,OFDA/BHA Response,Appeal,Total Affected",0.6167890611861104,99.97941963366948,4
4,"Country,OFDA/BHA Response,Appeal,Number of Days",0.5970813958610911,99.6912945050422,9
4,"Country,OFDA/BHA Response,Appeal,Total Impacted",0.616789396895274,99.97941963366948,4
4,"Country,OFDA/BHA Response,Appeal,Fatality Rate",0.5347355934755836,99.75303560403374,6
4,"Country,OFDA/BHA Response,Appeal,Insured Damage ('000 US$)_corrigido",0.6348128733725213,99.95883926733896,7
4,"Country,OFDA/BHA Response,Appeal,Total Damage ('000 US$)_corrigido",0.6156956301601413,99.95883926733896,4
4,"Country,OFDA/BHA Response,Declaration,Start Year",0.4373919824278831,99.73245523770323,6
4,"Country,OFDA/BHA Response,Declaration,Start Month",0.41456958408966876,99.93825890100844,7
4,"Country,OFDA/BHA Response,Declaration,Total Deaths",0.6575973358839622,99.93825890100844,7
4,"Country,OFDA/BHA Response,Declaration,No. Injured",0.6459313622185635,99.75303560403374,9
4,"Country,OFDA/BHA Response,Declaration,No. Affected",0.6027764306269867,99.83535706935584,7
4,"Country,OFDA/BHA Response,Declaration,No. Homeless",0.6381921759039312,99.8970981683474,9
4,"Country,OFDA/BHA Response,Declaration,Total Affected",0.6011052930518369,99.87651780201688,6
4,"Country,OFDA/BHA Response,Declaration,Number of Days",0.5829815782612662,99.85593743568636,5
4,"Country,OFDA/BHA Response,Declaration,Total Impacted",0.6011055124023275,99.87651780201688,6
4,"Country,OFDA/BHA Response,Declaration,Fatality Rate",0.5242425672475663,99.77361597036428,6
4,"Country,OFDA/BHA Response,Declaration,Insured Damage ('000 US$)_corrigido",0.6472590357598504,99.95883926733896,7
4,"Country,OFDA/BHA Response,Declaration,Total Damage ('000 US$)_corrigido",0.6227136292251194,100.0,7
4,"Country,OFDA/BHA Response,Start Year,Start Month",0.2909313985383241,98.84749948549084,9
4,"Country,OFDA/BHA Response,Start Year,Total Deaths",0.4100648535197335,99.60897303972011,7
4,"Country,OFDA/BHA Response,Start Year,No. Injured",0.4351974507204678,99.67071413871167,5
4,"Country,OFDA/BHA Response,Start Year,No. Affected",0.41772168092242645,99.81477670302532,5
4,"Country,OFDA/BHA Response,Start Year,No. Homeless",0.41045862051595994,99.58839267338958,5
4,"Country,OFDA/BHA Response,Start Year,Total Affected",0.3936282720348295,99.73245523770323,4
4,"Country,OFDA/BHA Response,Start Year,Number of Days",0.41544091848951364,99.3002675447623,6
4,"Country,OFDA/BHA Response,Start Year,Total Impacted",0.40557930189013797,99.73245523770323,5
4,"Country,OFDA/BHA Response,Start Year,Fatality Rate",0.3785979233518407,98.53879399053304,8
4,"Country,OFDA/BHA Response,Start Year,Insured Damage ('000 US$)_corrigido",0.40641284259983557,99.67071413871167,6
4,"Country,OFDA/BHA Response,Start Year,Total Damage ('000 US$)_corrigido",0.395812784860109,99.3002675447623,6
4,"Country,OFDA/BHA Response,Start Month,Total Deaths",0.40559114402814905,99.81477670302532,5
4,"Country,OFDA/BHA Response,Start Month,No. Injured",0.3895410670347548,99.75303560403374,5
4,"Country,OFDA/BHA Response,Start Month,No. Affected",0.38808247172090204,99.81477670302532,5
4,"Country,OFDA/BHA Response,Start Month,No. Homeless",0.407039677868144,99.8970981683474,5
4,"Country,OFDA/BHA Response,Start Month,Total Affected",0.3793589086052473,99.73245523770323,4
4,"Country,OFDA/BHA Response,Start Month,Number of Days",0.3799160883602183,99.65013377238114,6
4,"Country,OFDA/BHA Response,Start Month,Total Impacted",0.3793589083791635,99.75303560403374,4
4,"Country,OFDA/BHA Response,Start Month,Fatality Rate",0.3418318162470636,99.012142416135,8
4,"Country,OFDA/BHA Response,Start Month,Insured Damage ('000 US$)_corrigido",0.3972638291185346,99.73245523770323,5
4,"Country,OFDA/BHA Response,Start Month,Total Damage ('000 US$)_corrigido",0.38925308321227053,99.77361597036428,5
4,"Country,OFDA/BHA Response,Total Deaths,No. Injured",0.6034411462452441,99.62955340605063,7
4,"Country,OFDA/BHA Response,Total Deaths,No. Affected",0.5541096203806585,99.67071413871167,6
4,"Country,OFDA/BHA Response,Total Deaths,No. Homeless",0.5957828177410028,99.62955340605063,7
4,"Country,OFDA/BHA Response,Total Deaths,Total Affected",0.5983467947824993,99.75303560403374,5
4,"Country,OFDA/BHA Response,Total Deaths,Number of Days",0.5576004554735553,99.7941963366948,3
4,"Country,OFDA/BHA Response,Total Deaths,Total Impacted",0.5983471055331043,99.75303560403374,5
4,"Country,OFDA/BHA Response,Total Deaths,Fatality Rate",0.529129325364853,99.42374974274541,5
4,"Country,OFDA/BHA Response,Total Deaths,Insured Damage ('000 US$)_corrigido",0.602303585041244,99.87651780201688,7
4,"Country,OFDA/BHA Response,Total Deaths,Total Damage ('000 US$)_corrigido",0.6000210972424064,99.91767853467792,6
4,"Country,OFDA/BHA Response,No. Injured,No. Affected",0.5595640666021984,99.85593743568636,4
4,"Country,OFDA/BHA Response,No. Injured,No. Homeless",0.5895476926748943,99.71187487137271,7
4,"Country,OFDA/BHA Response,No. Injured,Total Affected",0.5594438421834321,99.85593743568636,4
4,"Country,OFDA/BHA Response,No. Injured,Number of Days",0.5844534360153341,99.52665157439803,9
4,"Country,OFDA/BHA Response,No. Injured,Total Impacted",0.5594433489368579,99.85593743568636,4
4,"Country,OFDA/BHA Response,No. Injured,Fatality Rate",0.5175554712798971,99.32084791109281,9
4,"Country,OFDA/BHA Response,No. Injured,Insured Damage ('000 US$)_corrigido",0.6214742800391516,99.91767853467792,3
4,"Country,OFDA/BHA Response,No. Injured,Total Damage ('000 US$)_corrigido",0.6097019702578428,99.81477670302532,3
4,"Country,OFDA/BHA Response,No. Affected,No. Homeless",0.6048547131016411,99.83535706935584,3
4,"Country,OFDA/BHA Response,No. Affected,Total Affected",0.5710368856338441,99.62955340605063,7
4,"Country,OFDA/BHA Response,No. Affected,Number of Days",0.5395464192187474,99.75303560403374,3
4,"Country,OFDA/BHA Response,No. Affected,Total Impacted",0.5710360577979339,99.62955340605063,7
4,"Country,OFDA/BHA Response,No. Affected,Fatality Rate",0.5061946016128671,99.52665157439803,5
4,"Country,OFDA/BHA Response,No. Affected,Insured Damage ('000 US$)_corrigido",0.565164851838557,99.81477670302532,5
4,"Country,OFDA/BHA Response,No. Affected,Total Damage ('000 US$)_corrigido",0.5514511880271741,99.54723194072854,7
4,"Country,OFDA/BHA Response,No. Homeless,Total Affected",0.6048597571052265,99.83535706935584,3
4,"Country,OFDA/BHA Response,No. Homeless,Number of Days",0.581554251167555,99.83535706935584,4
4,"Country,OFDA/BHA Response,No. Homeless,Total Impacted",0.604859738331011,99.81477670302532,3
4,"Country,OFDA/BHA Response,No. Homeless,Fatality Rate",0.524170918427569,99.6912945050422,5
4,"Country,OFDA/BHA Response,No. Homeless,Insured Damage ('000 US$)_corrigido",0.6193906291131221,99.83535706935584,3
4,"Country,OFDA/BHA Response,No. Homeless,Total Damage ('000 US$)_corrigido",0.6059019316157765,99.73245523770323,3
4,"Country,OFDA/BHA Response,Total Affected,Number of Days",0.539559963398312,99.7941963366948,3
4,"Country,OFDA/BHA Response,Total Affected,Total Impacted",0.5728902578634494,99.77361597036428,7
4,"Country,OFDA/BHA Response,Total Affected,Fatality Rate",0.5061738953478956,99.52665157439803,5
4,"Country,OFDA/BHA Response,Total Affected,Insured Damage ('000 US$)_corrigido",0.5650087097940198,99.83535706935584,5
4,"Country,OFDA/BHA Response,Total Affected,Total Damage ('000 US$)_corrigido",0.5371100622219762,99.71187487137271,7
4,"Country,OFDA/BHA Response,Number of Days,Total Impacted",0.5395599382838903,99.7941963366948,3
4,"Country,OFDA/BHA Response,Number of Days,Fatality Rate",0.48829260713491757,99.48549084173698,6
4,"Country,OFDA/BHA Response,Number of Days,Insured Damage ('000 US$)_corrigido",0.5568868884185078,99.71187487137271,7
4,"Country,OFDA/BHA Response,Number of Days,Total Damage ('000 US$)_corrigido",0.5642474351165256,99.65013377238114,4
4,"Country,OFDA/BHA Response,Total Impacted,Fatality Rate",0.5061738126445591,99.52665157439803,5
4,"Country,OFDA/BHA Response,Total Impacted,Insured Damage ('000 US$)_corrigido",0.5650083173822728,99.83535706935584,5
4,"Country,OFDA/BHA Response,Total Impacted,Total Damage ('000 US$)_corrigido",0.5495830184366841,99.6912945050422,7
4,"Country,OFDA/BHA Response,Fatality Rate,Insured Damage ('000 US$)_corrigido",0.49650695913434,99.52665157439803,5
4,"Country,OFDA/BHA Response,Fatality Rate,Total Damage ('000 US$)_corrigido",0.5078391246304236,99.73245523770323,5
4,"Country,OFDA/BHA Response,Insured Damage ('000 US$)_corrigido,Total Damage ('000 US$)_corrigido",0.5721505716352573,99.83535706935584,7
4,"Country,Appeal,Declaration,Start Year",0.4352789405553762,99.77361597036428,6
4,"Country,Appeal,Declaration,Start Month",0.3996060015375768,99.87651780201688,6
4,"Country,Appeal,Declaration,Total Deaths",0.6381114868282192,99.85593743568636,7
4,"Country,Appeal,Declaration,No. Injured",0.6478825326780149,99.77361597036428,9
4,"Country,Appeal,Declaration,No. Affected",0.6075105080530049,99.93825890100844,4
4,"Country,Appeal,Declaration,No. Homeless",0.6283448938259129,99.91767853467792,4
4,"Country,Appeal,Declaration,Total Affected",0.607457786201943,99.93825890100844,4
4,"Country,Appeal,Declaration,Number of Days",0.5859898750448324,99.77361597036428,5
4,"Country,Appeal,Declaration,Total Impacted",0.6074579012767173,99.93825890100844,4
4,"Country,Appeal,Declaration,Fatality Rate",0.5299458792502622,99.77361597036428,6
4,"Country,Appeal,Declaration,Insured Damage ('000 US$)_corrigido",0.6400904516326881,99.7941963366948,7
4,"Country,Appeal,Declaration,Total Damage ('000 US$)_corrigido",0.6203717922032103,99.95883926733896,9
4,"Country,Appeal,Start Year,Start Month",0.2911707138217467,98.39473142621938,8
4,"Country,Appeal,Start Year,Total Deaths",0.40637202314770793,99.54723194072854,4
4,"Country,Appeal,Start Year,No. Injured",0.3976303283714993,99.67071413871167,6
4,"Country,Appeal,Start Year,No. Affected",0.39514556610469875,99.65013377238114,4
4,"Country,Appeal,Start Year,No. Homeless",0.42405988891794155,99.36200864375387,5
4,"Country,Appeal,Start Year,Total Affected",0.3951255123865899,99.65013377238114,4
4,"Country,Appeal,Start Year,Number of Days",0.4058994724053605,99.56781230705907,6
4,"Country,Appeal,Start Year,Total Impacted",0.3951256172940692,99.65013377238114,4
4,"Country,Appeal,Start Year,Fatality Rate",0.36907538539025975,98.64169582218564,9
4,"Country,Appeal,Start Year,Insured Damage ('000 US$)_corrigido",0.4218664091610831,99.75303560403374,5
4,"Country,Appeal,Start Year,Total Damage ('000 US$)_corrigido",0.37769424201004376,99.27968717843177,6
4,"Country,Appeal,Start Month,Total Deaths",0.3981513882139011,99.6912945050422,5
4,"Country,Appeal,Start Month,No. Injured",0.38719032331909997,99.73245523770323,5
4,"Country,Appeal,Start Month,No. Affected",0.3723404653519844,99.67071413871167,4
4,"Country,Appeal,Start Month,No. Homeless",0.4007867027253579,99.6912945050422,5
4,"Country,Appeal,Start Month,Total Affected",0.36737307565945865,99.75303560403374,4
4,"Country,Appeal,Start Month,Number of Days",0.36831267219938746,99.67071413871167,6
4,"Country,Appeal,Start Month,Total Impacted",0.3673731836450973,99.75303560403374,4
4,"Country,Appeal,Start Month,Fatality Rate",0.3456786743669774,98.7034369211772,8
4,"Country,Appeal,Start Month,Insured Damage ('000 US$)_corrigido",0.3746789757747974,99.8970981683474,4
4,"Country,Appeal,Start Month,Total Damage ('000 US$)_corrigido",0.36423850251296697,99.65013377238114,4
4,"Country,Appeal,Total Deaths,No. Injured",0.5891755971652172,99.58839267338958,7
4,"Country,Appeal,Total Deaths,No. Affected",0.6009261007758907,99.87651780201688,3
4,"Country,Appeal,Total Deaths,No. Homeless",0.6219892888166287,99.93825890100844,3
4,"Country,Appeal,Total Deaths,Total Affected",0.6008769610750978,99.87651780201688,3
4,"Country,Appeal,Total Deaths,Number of Days",0.5474032659597832,99.67071413871167,6
4,"Country,Appeal,Total Deaths,Total Impacted",0.6008772637829223,99.87651780201688,3
4,"Country,Appeal,Total Deaths,Fatality Rate",0.5255282114039281,99.52665157439803,5
4,"Country,Appeal,Total Deaths,Insured Damage ('000 US$)_corrigido",0.6184032608829957,99.87651780201688,3
4,"Country,Appeal,Total Deaths,Total Damage ('000 US$)_corrigido",0.6033110722637375,99.8970981683474,3
4,"Country,Appeal,No. Injured,No. Affected",0.5754832337216944,99.6912945050422,5
4,"Country,Appeal,No. Injured,No. Homeless",0.5988773576019891,99.67071413871167,5
4,"Country,Appeal,No. Injured,Total Affected",0.5753334794178769,99.58839267338958,5
4,"Country,Appeal,No. Injured,Number of Days",0.5903023696017076,99.67071413871167,7
4,"Country,Appeal,No. Injured,Total Impacted",0.575333270553858,99.58839267338958,5
4,"Country,Appeal,No. Injured,Fatality Rate",0.5098032499985294,99.32084791109281,9
4,"Country,Appeal,No. Injured,Insured Damage ('000 US$)_corrigido",0.5969374504011109,99.7941963366948,7
4,"Country,Appeal,No. Injured,Total Damage ('000 US$)_corrigido",0.6022010238914379,99.83535706935584,3
4,"Country,Appeal,No. Affected,No. Homeless",0.5960662920666929,99.91767853467792,3
4,"Country,Appeal,No. Affected,Total Affected",0.551389928190523,99.75303560403374,4
4,"Country,Appeal,No. Affected,Number of Days",0.5439213219233522,99.54723194072854,7
4,"Country,Appeal,No. Affected,Total Impacted",0.5513892789130492,99.75303560403374,4
4,"Country,Appeal,No. Affected,Fatality Rate",0.49810457837717953,99.81477670302532,5
4,"Country,Appeal,No. Affected,Insured Damage ('000 US$)_corrigido",0.5934998745317218,99.93825890100844,3
4,"Country,Appeal,No. Affected,Total Damage ('000 US$)_corrigido",0.5699685186357348,99.83535706935584,10
4,"Country,Appeal,No. Homeless,Total Affected",0.5960608233921293,99.91767853467792,3
4,"Country,Appeal,No. Homeless,Number of Days",0.5773772537669546,99.81477670302532,4
4,"Country,Appeal,No. Homeless,Total Impacted",0.5960607598648059,99.91767853467792,3
4,"Country,Appeal,No. Homeless,Fatality Rate",0.5186718282200223,99.54723194072854,5
4,"Country,Appeal,No. Homeless,Insured Damage ('000 US$)_corrigido",0.6145376013130229,99.95883926733896,3
4,"Country,Appeal,No. Homeless,Total Damage ('000 US$)_corrigido",0.5590519347616919,99.83535706935584,8
4,"Country,Appeal,Total Affected,Number of Days",0.5418934564044592,99.40316937641491,7
4,"Country,Appeal,Total Affected,Total Impacted",0.6156830214446292,99.87651780201688,7
4,"Country,Appeal,Total Affected,Fatality Rate",0.455196740223577,99.34142827742333,10
4,"Country,Appeal,Total Affected,Insured Damage ('000 US$)_corrigido",0.5934443820330229,99.93825890100844,3
4,"Country,Appeal,Total Affected,Total Damage ('000 US$)_corrigido",0.5235284008123147,99.73245523770323,4
4,"Country,Appeal,Number of Days,Total Impacted",0.5418931179218186,99.42374974274541,7
4,"Country,Appeal,Number of Days,Fatality Rate",0.45094581746001966,99.40316937641491,7
4,"Country,Appeal,Number of Days,Insured Damage ('000 US$)_corrigido",0.5503830782197987,99.52665157439803,10
4,"Country,Appeal,Number of Days,Total Damage ('000 US$)_corrigido",0.5263252924921892,99.75303560403374,3
4,"Country,Appeal,Total Impacted,Fatality Rate",0.45730263273175864,99.40316937641491,10
4,"Country,Appeal,Total Impacted,Insured Damage ('000 US$)_corrigido",0.5934443494018323,99.93825890100844,3
4,"Country,Appeal,Total Impacted,Total Damage ('000 US$)_corrigido",0.5235280843331134,99.73245523770323,4
4,"Country,Appeal,Fatality Rate,Insured Damage ('000 US$)_corrigido",0.5058328314051188,99.50607120806751,5
4,"Country,Appeal,Fatality Rate,Total Damage ('000 US$)_corrigido",0.5019852832266362,99.48549084173698,5
4,"Country,Appeal,Insured Damage ('000 US$)_corrigido,Total Damage ('000 US$)_corrigido",0.6033438202358397,99.91767853467792,3
4,"Country,Declaration,Start Year,Start Month",0.2912834817238743,98.51821362420252,7
4,"Country,Declaration,Start Year,Total Deaths",0.4053042182951505,99.6912945050422,5
4,"Country,Declaration,Start Year,No. Injured",0.4264650868814649,99.56781230705907,5
4,"Country,Declaration,Start Year,No. Affected",0.3884987077448756,99.58839267338958,4
4,"Country,Declaration,Start Year,No. Homeless",0.4306417494137228,99.58839267338958,5
4,"Country,Declaration,Start Year,Total Affected",0.3884801389600845,99.54723194072854,4
4,"Country,Declaration,Start Year,Number of Days",0.4035624559230161,99.40316937641491,6
4,"Country,Declaration,Start Year,Total Impacted",0.38848017384442884,99.54723194072854,4
4,"Country,Declaration,Start Year,Fatality Rate",0.36082024756342995,98.43589215888042,9
4,"Country,Declaration,Start Year,Insured Damage ('000 US$)_corrigido",0.41631188780467604,99.58839267338958,6
4,"Country,Declaration,Start Year,Total Damage ('000 US$)_corrigido",0.4003240188865952,99.77361597036428,4
4,"Country,Declaration,Start Month,Total Deaths",0.38700967465732167,99.83535706935584,5
4,"Country,Declaration,Start Month,No. Injured",0.38120315701820806,99.85593743568636,4
4,"Country,Declaration,Start Month,No. Affected",0.3639114844800199,99.77361597036428,5
4,"Country,Declaration,Start Month,No. Homeless",0.37707583241098397,99.73245523770323,5
4,"Country,Declaration,Start Month,Total Affected",0.3710791683532185,99.73245523770323,6
4,"Country,Declaration,Start Month,Number of Days",0.3749605671979738,99.54723194072854,6
4,"Country,Declaration,Start Month,Total Impacted",0.371079334056785,99.73245523770323,6
4,"Country,Declaration,Start Month,Fatality Rate",0.3429720210334037,98.82691911916032,8
4,"Country,Declaration,Start Month,Insured Damage ('000 US$)_corrigido",0.38773110462287663,99.75303560403374,5
4,"Country,Declaration,Start Month,Total Damage ('000 US$)_corrigido",0.36805021421484935,99.83535706935584,4
4,"Country,Declaration,Total Deaths,No. Injured",0.6247675253811519,99.65013377238114,6
4,"Country,Declaration,Total Deaths,No. Affected",0.57947040496513,99.7941963366948,7
4,"Country,Declaration,Total Deaths,No. Homeless",0.5842046753837387,99.71187487137271,9
4,"Country,Declaration,Total Deaths,Total Affected",0.57926150557587,99.7941963366948,7
4,"Country,Declaration,Total Deaths,Number of Days",0.5713803366395686,99.34142827742333,9
4,"Country,Declaration,Total Deaths,Total Impacted",0.5638955099163785,99.62955340605063,6
4,"Country,Declaration,Total Deaths,Fatality Rate",0.5214329472335082,99.71187487137271,5
4,"Country,Declaration,Total Deaths,Insured Damage ('000 US$)_corrigido",0.6173263977097707,99.87651780201688,3
4,"Country,Declaration,Total Deaths,Total Damage ('000 US$)_corrigido",0.6119969750736364,99.83535706935584,7
4,"Country,Declaration,No. Injured,No. Affected",0.5720659066036223,99.56781230705907,10
4,"Country,Declaration,No. Injured,No. Homeless",0.6169159988711858,99.71187487137271,6
4,"Country,Declaration,No. Injured,Total Affected",0.5688897964876297,99.62955340605063,7
4,"Country,Declaration,No. Injured,Number of Days",0.5653802467217982,99.50607120806751,9
4,"Country,Declaration,No. Injured,Total Impacted",0.5688898700898735,99.62955340605063,7
4,"Country,Declaration,No. Injured,Fatality Rate",0.5191982039184704,99.67071413871167,5
4,"Country,Declaration,No. Injured,Insured Damage ('000 US$)_corrigido",0.6181174279610137,99.85593743568636,3
4,"Country,Declaration,No. Injured,Total Damage ('000 US$)_corrigido",0.5970921721137249,99.73245523770323,7
4,"Country,Declaration,No. Affected,No. Homeless",0.5934614097421571,99.81477670302532,3
4,"Country,Declaration,No. Affected,Total Affected",0.60429851532158,99.85593743568636,7
4,"Country,Declaration,No. Affected,Number of Days",0.5701543718422034,99.50607120806751,9
4,"Country,Declaration,No. Affected,Total Impacted",0.6042970061059576,99.85593743568636,7
4,"Country,Declaration,No. Affected,Fatality Rate",0.49326110896726355,99.7941963366948,5
4,"Country,Declaration,No. Affected,Insured Damage ('000 US$)_corrigido",0.5935689457818856,99.6912945050422,7
4,"Country,Declaration,No. Affected,Total Damage ('000 US$)_corrigido",0.5840179795672716,99.77361597036428,3
4,"Country,Declaration,No. Homeless,Total Affected",0.5934630274075947,99.81477670302532,3
4,"Country,Declaration,No. Homeless,Number of Days",0.5733896270913779,99.83535706935584,4
4,"Country,Declaration,No. Homeless,Total Impacted",0.5934630578964283,99.81477670302532,3
4,"Country,Declaration,No. Homeless,Fatality Rate",0.5181200507171805,99.58839267338958,5
4,"Country,Declaration,No. Homeless,Insured Damage ('000 US$)_corrigido",0.6135214059689443,99.91767853467792,3
4,"Country,Declaration,No. Homeless,Total Damage ('000 US$)_corrigido",0.6002104213208762,99.8970981683474,3
4,"Country,Declaration,Total Affected,Number of Days",0.5014710281181916,99.58839267338958,5
4,"Country,Declaration,Total Affected,Total Impacted",0.5828410108572547,99.71187487137271,9
4,"Country,Declaration,Total Affected,Fatality Rate",0.470386387713772,99.75303560403374,5
4,"Country,Declaration,Total Affected,Insured Damage ('000 US$)_corrigido",0.5933851304948533,99.6912945050422,7
4,"Country,Declaration,Total Affected,Total Damage ('000 US$)_corrigido",0.5839986340043006,99.81477670302532,3
4,"Country,Declaration,Number of Days,Total Impacted",0.5606001915888423,99.54723194072854,9
4,"Country,Declaration,Number of Days,Fatality Rate",0.48124388974186344,99.50607120806751,6
4,"Country,Declaration,Number of Days,Insured Damage ('000 US$)_corrigido",0.559464274518158,99.46491047540647,9
4,"Country,Declaration,Number of Days,Total Damage ('000 US$)_corrigido",0.5444269751261777,99.34142827742333,9
4,"Country,Declaration,Total Impacted,Fatality Rate",0.4703862320374093,99.75303560403374,5
4,"Country,Declaration,Total Impacted,Insured Damage ('000 US$)_corrigido",0.5933845849205764,99.6912945050422,7
4,"Country,Declaration,Total Impacted,Total Damage ('000 US$)_corrigido",0.5839988542239339,99.81477670302532,3
4,"Country,Declaration,Fatality Rate,Insured Damage ('000 US$)_corrigido",0.508166312548217,99.7941963366948,5
4,"Country,Declaration,Fatality Rate,Total Damage ('000 US$)_corrigido",0.4979843558780912,99.54723194072854,5
4,"Country,Declaration,Insured Damage ('000 US$)_corrigido,Total Damage ('000 US$)_corrigido",0.6055979316389418,99.77361597036428,7
4,"Country,Start Year,Start Month,Total Deaths",0.27427594389206045,98.49763325787198,6
4,"Country,Start Year,Start Month,No. Injured",0.27037191282397544,97.61267750565959,7
4,"Country,Start Year,Start Month,No. Affected",0.2663900061068826,98.02428483227001,6
4,"Country,Start Year,Start Month,No. Homeless",0.27447271237769777,98.51821362420252,5
4,"Country,Start Year,Start Month,Total Affected",0.2701871937395367,98.53879399053304,7
4,"Country,Start Year,Start Month,Number of Days",0.280354764133666,97.98312409960897,9
4,"Country,Start Year,Start Month,Total Impacted",0.27020742281204857,98.55937435686354,7
4,"Country,Start Year,Start Month,Fatality Rate",0.24885507251664618,95.65754270426014,10
4,"Country,Start Year,Start Month,Insured Damage ('000 US$)_corrigido",0.26796072078849376,98.33299032722782,10
4,"Country,Start Year,Start Month,Total Damage ('000 US$)_corrigido",0.26222155091664795,96.89236468409138,8
4,"Country,Start Year,Total Deaths,No. Injured",0.36221331493757664,99.65013377238114,5
4,"Country,Start Year,Total Deaths,No. Affected",0.3683231678032381,99.48549084173698,4
4,"Country,Start Year,Total Deaths,No. Homeless",0.39487884663539125,99.58839267338958,3
4,"Country,Start Year,Total Deaths,Total Affected",0.3682963500760771,99.40316937641491,4
4,"Country,Start Year,Total Deaths,Number of Days",0.3704040863574367,98.97098168347397,5
4,"Country,Start Year,Total Deaths,Total Impacted",0.36829649102107775,99.40316937641491,4
4,"Country,Start Year,Total Deaths,Fatality Rate",0.33545364211136075,98.35357069355834,6
4,"Country,Start Year,Total Deaths,Insured Damage ('000 US$)_corrigido",0.3799986547954598,99.56781230705907,4
4,"Country,Start Year,Total Deaths,Total Damage ('000 US$)_corrigido",0.3698852422087353,99.58839267338958,4
4,"Country,Start Year,No. Injured,No. Affected",0.35068668337990394,99.54723194072854,3
4,"Country,Start Year,No. Injured,No. Homeless",0.3948185363589496,99.54723194072854,3
4,"Country,Start Year,No. Injured,Total Affected",0.35087588641703055,99.42374974274541,3
4,"Country,Start Year,No. Injured,Number of Days",0.36429477369313557,99.15620498044865,6
4,"Country,Start Year,No. Injured,Total Impacted",0.35087591409091146,99.42374974274541,3
4,"Country,Start Year,No. Injured,Fatality Rate",0.34220234848205405,98.47705289154148,7
4,"Country,Start Year,No. Injured,Insured Damage ('000 US$)_corrigido",0.3841341950017087,99.44433010907593,3
4,"Country,Start Year,No. Injured,Total Damage ('000 US$)_corrigido",0.3784507632027048,99.48549084173698,3
4,"Country,Start Year,No. Affected,No. Homeless",0.33820851901932475,99.48549084173698,3
4,"Country,Start Year,No. Affected,Total Affected",0.37490154156858035,99.62955340605063,3
4,"Country,Start Year,No. Affected,Number of Days",0.3451956599651227,99.07388351512657,6
4,"Country,Start Year,No. Affected,Total Impacted",0.3749014198266585,99.62955340605063,3
4,"Country,Start Year,No. Affected,Fatality Rate",0.3363059818874656,98.20950812924471,7
4,"Country,Start Year,No. Affected,Insured Damage ('000 US$)_corrigido",0.36500978512496507,99.42374974274541,3
4,"Country,Start Year,No. Affected,Total Damage ('000 US$)_corrigido",0.36575503287400246,99.03272278246553,7
4,"Country,Start Year,No. Homeless,Total Affected",0.3382102718305113,99.46491047540647,3
4,"Country,Start Year,No. Homeless,Number of Days",0.36125084643804134,99.13562461411813,6
4,"Country,Start Year,No. Homeless,Total Impacted",0.33821020979715477,99.46491047540647,3
4,"Country,Start Year,No. Homeless,Fatality Rate",0.3428312249904504,98.51821362420252,7
4,"Country,Start Year,No. Homeless,Insured Damage ('000 US$)_corrigido",0.3770322461784384,99.42374974274541,3
4,"Country,Start Year,No. Homeless,Total Damage ('000 US$)_corrigido",0.38165453959746537,99.48549084173698,4
4,"Country,Start Year,Total Affected,Number of Days",0.3451813972892243,99.07388351512657,6
4,"Country,Start Year,Total Affected,Total Impacted",0.35626351674057555,99.3002675447623,4
4,"Country,Start Year,Total Affected,Fatality Rate",0.32816516266917634,98.60053508952458,7
4,"Country,Start Year,Total Affected,Insured Damage ('000 US$)_corrigido",0.34990214035943934,99.42374974274541,3
4,"Country,Start Year,Total Affected,Total Damage ('000 US$)_corrigido",0.3688719044974858,99.27968717843177,4
4,"Country,Start Year,Number of Days,Total Impacted",0.34518163743036917,99.05330314879605,6
4,"Country,Start Year,Number of Days,Fatality Rate",0.3088913257155732,98.02428483227001,10
4,"Country,Start Year,Number of Days,Insured Damage ('000 US$)_corrigido",0.36117826214860405,99.012142416135,6
4,"Country,Start Year,Number of Days,Total Damage ('000 US$)_corrigido",0.3620574203437597,99.32084791109281,4
4,"Country,Start Year,Total Impacted,Fatality Rate",0.3281651754940191,98.60053508952458,7
4,"Country,Start Year,Total Impacted,Insured Damage ('000 US$)_corrigido",0.3499021715457906,99.40316937641491,3
4,"Country,Start Year,Total Impacted,Total Damage ('000 US$)_corrigido",0.36253866315405137,98.99156204980449,7
4,"Country,Start Year,Fatality Rate,Insured Damage ('000 US$)_corrigido",0.33490690232419607,98.45647252521094,6
4,"Country,Start Year,Fatality Rate,Total Damage ('000 US$)_corrigido",0.32833385551414396,98.23008849557522,7
4,"Country,Start Year,Insured Damage ('000 US$)_corrigido,Total Damage ('000 US$)_corrigido",0.3640892651345227,99.42374974274541,3
4,"Country,Start Month,Total Deaths,No. Injured",0.37906116274983453,99.65013377238114,4
4,"Country,Start Month,Total Deaths,No. Affected",0.334285430565123,99.52665157439803,4
4,"Country,Start Month,Total Deaths,No. Homeless",0.38477019766369525,99.75303560403374,4
4,"Country,Start Month,Total Deaths,Total Affected",0.35045365780365245,99.21794607944021,10
4,"Country,Start Month,Total Deaths,Number of Days",0.3122960995823845,99.09446388145709,5
4,"Country,Start Month,Total Deaths,Total Impacted",0.3504536559842401,99.21794607944021,10
4,"Country,Start Month,Total Deaths,Fatality Rate",0.32105109015259964,98.18892776291418,10
4,"Country,Start Month,Total Deaths,Insured Damage ('000 US$)_corrigido",0.3567547134838831,99.54723194072854,5
4,"Country,Start Month,Total Deaths,Total Damage ('000 US$)_corrigido",0.3525719427823005,99.42374974274541,4
4,"Country,Start Month,No. Injured,No. Affected",0.36541309830575847,99.62955340605063,4
4,"Country,Start Month,No. Injured,No. Homeless",0.37703416102715664,99.75303560403374,4
4,"Country,Start Month,No. Injured,Total Affected",0.36539907557204016,99.60897303972011,4
4,"Country,Start Month,No. Injured,Number of Days",0.3301317795583307,99.07388351512657,6
4,"Country,Start Month,No. Injured,Total Impacted",0.3653993434748495,99.60897303972011,4
4,"Country,Start Month,No. Injured,Fatality Rate",0.3315010285994248,98.55937435686354,7
4,"Country,Start Month,No. Injured,Insured Damage ('000 US$)_corrigido",0.3713606407790935,99.77361597036428,4
4,"Country,Start Month,No. Injured,Total Damage ('000 US$)_corrigido",0.3678396281045075,99.71187487137271,4
4,"Country,Start Month,No. Affected,No. Homeless",0.34139383679329754,99.60897303972011,3
4,"Country,Start Month,No. Affected,Total Affected",0.34426595801145315,99.62955340605063,8
4,"Country,Start Month,No. Affected,Number of Days",0.3451816626547043,99.42374974274541,4
4,"Country,Start Month,No. Affected,Total Impacted",0.34357594730626406,99.52665157439803,10
4,"Country,Start Month,No. Affected,Fatality Rate",0.3155882356004945,98.51821362420252,7
4,"Country,Start Month,No. Affected,Insured Damage ('000 US$)_corrigido",0.3272688538131119,99.54723194072854,5
4,"Country,Start Month,No. Affected,Total Damage ('000 US$)_corrigido",0.33553898491607964,99.62955340605063,3
4,"Country,Start Month,No. Homeless,Total Affected",0.34139413115007844,99.60897303972011,3
4,"Country,Start Month,No. Homeless,Number of Days",0.33191745246127097,99.38258901008437,3
4,"Country,Start Month,No. Homeless,Total Impacted",0.34139400587184565,99.60897303972011,3
4,"Country,Start Month,No. Homeless,Fatality Rate",0.3229006102383378,98.41531179254991,10
4,"Country,Start Month,No. Homeless,Insured Damage ('000 US$)_corrigido",0.37014720589836375,99.73245523770323,3
4,"Country,Start Month,No. Homeless,Total Damage ('000 US$)_corrigido",0.3643083683627497,99.60897303972011,3
4,"Country,Start Month,Total Affected,Number of Days",0.3505788904612706,99.27968717843177,4
4,"Country,Start Month,Total Affected,Total Impacted",0.34352942675666087,99.52665157439803,10
4,"Country,Start Month,Total Affected,Fatality Rate",0.31424150672657025,98.8063387528298,7
4,"Country,Start Month,Total Affected,Insured Damage ('000 US$)_corrigido",0.34486016006083287,99.36200864375387,6
4,"Country,Start Month,Total Affected,Total Damage ('000 US$)_corrigido",0.33553317293066304,99.54723194072854,3
4,"Country,Start Month,Number of Days,Total Impacted",0.35057878270919324,99.27968717843177,4
4,"Country,Start Month,Number of Days,Fatality Rate",0.304337598766772,98.47705289154148,7
4,"Country,Start Month,Number of Days,Insured Damage ('000 US$)_corrigido",0.3279994303705589,99.54723194072854,4
4,"Country,Start Month,Number of Days,Total Damage ('000 US$)_corrigido",0.3405814490290874,99.13562461411813,5
4,"Country,Start Month,Total Impacted,Fatality Rate",0.31424139764395764,98.8063387528298,7
4,"Country,Start Month,Total Impacted,Insured Damage ('000 US$)_corrigido",0.3448602043023956,99.36200864375387,6
4,"Country,Start Month,Total Impacted,Total Damage ('000 US$)_corrigido",0.3355333121602223,99.54723194072854,3
4,"Country,Start Month,Fatality Rate,Insured Damage ('000 US$)_corrigido",0.3217906070026597,98.45647252521094,7
4,"Country,Start Month,Fatality Rate,Total Damage ('000 US$)_corrigido",0.31642870580456367,98.60053508952458,7
4,"Country,Start Month,Insured Damage ('000 US$)_corrigido,Total Damage ('000 US$)_corrigido",0.3442509562575218,99.73245523770323,3
4,"Country,Total Deaths,No. Injured,No. Affected",0.5585489755709112,99.62955340605063,7
4,"Country,Total Deaths,No. Injured,No. Homeless",0.5824958240844533,99.65013377238114,4
4,"Country,Total Deaths,No. Injured,Total Affected",0.55827602115832,99.62955340605063,7
4,"Country,Total Deaths,No. Injured,Number of Days",0.5504549400764112,99.42374974274541,9
4,"Country,Total Deaths,No. Injured,Total Impacted",0.5582764330079941,99.62955340605063,7
4,"Country,Total Deaths,No. Injured,Fatality Rate",0.5092653891121658,99.67071413871167,4
4,"Country,Total Deaths,No. Injured,Insured Damage ('000 US$)_corrigido",0.5855406084556866,99.58839267338958,7
4,"Country,Total Deaths,No. Injured,Total Damage ('000 US$)_corrigido",0.5414889721152354,99.56781230705907,8
4,"Country,Total Deaths,No. Affected,No. Homeless",0.5278302651570426,99.44433010907593,7
4,"Country,Total Deaths,No. Affected,Total Affected",0.5717649591322861,99.73245523770323,7
4,"Country,Total Deaths,No. Affected,Number of Days",0.5591901758191734,99.32084791109281,7
4,"Country,Total Deaths,No. Affected,Total Impacted",0.5716212691757363,99.75303560403374,7
4,"Country,Total Deaths,No. Affected,Fatality Rate",0.47174568771037334,99.11504424778761,10
4,"Country,Total Deaths,No. Affected,Insured Damage ('000 US$)_corrigido",0.5827966385881143,99.73245523770323,7
4,"Country,Total Deaths,No. Affected,Total Damage ('000 US$)_corrigido",0.579999631858826,99.71187487137271,5
4,"Country,Total Deaths,No. Homeless,Total Affected",0.5352986493636503,99.52665157439803,6
4,"Country,Total Deaths,No. Homeless,Number of Days",0.5681300440569891,99.73245523770323,3
4,"Country,Total Deaths,No. Homeless,Total Impacted",0.5352988236903378,99.44433010907593,6
4,"Country,Total Deaths,No. Homeless,Fatality Rate",0.47766386668596766,99.38258901008437,5
4,"Country,Total Deaths,No. Homeless,Insured Damage ('000 US$)_corrigido",0.564402406561185,99.67071413871167,7
4,"Country,Total Deaths,No. Homeless,Total Damage ('000 US$)_corrigido",0.5568799594014523,99.36200864375387,6
4,"Country,Total Deaths,Total Affected,Number of Days",0.5476386844747422,99.38258901008437,7
4,"Country,Total Deaths,Total Affected,Total Impacted",0.5589387531909321,99.75303560403374,7
4,"Country,Total Deaths,Total Affected,Fatality Rate",0.4655902207345918,99.17678534677917,8
4,"Country,Total Deaths,Total Affected,Insured Damage ('000 US$)_corrigido",0.5455067808199099,99.67071413871167,7
4,"Country,Total Deaths,Total Affected,Total Damage ('000 US$)_corrigido",0.5800075006702812,99.65013377238114,5
4,"Country,Total Deaths,Number of Days,Total Impacted",0.5476387382031973,99.38258901008437,7
4,"Country,Total Deaths,Number of Days,Fatality Rate",0.47588228178812597,99.54723194072854,5
4,"Country,Total Deaths,Number of Days,Insured Damage ('000 US$)_corrigido",0.5642703295345924,99.48549084173698,7
4,"Country,Total Deaths,Number of Days,Total Damage ('000 US$)_corrigido",0.5558249453417571,99.44433010907593,3
4,"Country,Total Deaths,Total Impacted,Fatality Rate",0.4655902732495823,99.17678534677917,8
4,"Country,Total Deaths,Total Impacted,Insured Damage ('000 US$)_corrigido",0.5455067688668787,99.67071413871167,7
4,"Country,Total Deaths,Total Impacted,Total Damage ('000 US$)_corrigido",0.5800077029264212,99.65013377238114,5
4,"Country,Total Deaths,Fatality Rate,Insured Damage ('000 US$)_corrigido",0.47820709666699107,99.58839267338958,3
4,"Country,Total Deaths,Fatality Rate,Total Damage ('000 US$)_corrigido",0.4723217765914701,99.17678534677917,9
4,"Country,Total Deaths,Insured Damage ('000 US$)_corrigido,Total Damage ('000 US$)_corrigido",0.5509799982692419,99.85593743568636,7
4,"Country,No. Injured,No. Affected,No. Homeless",0.5728069164598104,99.62955340605063,5
4,"Country,No. Injured,No. Affected,Total Affected",0.5799056331091101,99.44433010907593,6
4,"Country,No. Injured,No. Affected,Number of Days",0.48985081130793023,99.42374974274541,4
4,"Country,No. Injured,No. Affected,Total Impacted",0.5799045092697087,99.44433010907593,6
4,"Country,No. Injured,No. Affected,Fatality Rate",0.46380087227537586,99.54723194072854,3
4,"Country,No. Injured,No. Affected,Insured Damage ('000 US$)_corrigido",0.6067623116994197,99.77361597036428,7
4,"Country,No. Injured,No. Affected,Total Damage ('000 US$)_corrigido",0.5907229100978221,99.73245523770323,7
4,"Country,No. Injured,No. Homeless,Total Affected",0.5797483318982374,99.65013377238114,5
4,"Country,No. Injured,No. Homeless,Number of Days",0.5267840143820293,99.38258901008437,9
4,"Country,No. Injured,No. Homeless,Total Impacted",0.5797476131659122,99.65013377238114,5
4,"Country,No. Injured,No. Homeless,Fatality Rate",0.47875874514754224,99.6912945050422,3
4,"Country,No. Injured,No. Homeless,Insured Damage ('000 US$)_corrigido",0.5689244707423462,99.58839267338958,7
4,"Country,No. Injured,No. Homeless,Total Damage ('000 US$)_corrigido",0.5374344107415423,99.60897303972011,7
4,"Country,No. Injured,Total Affected,Number of Days",0.514540061483036,99.40316937641491,7
4,"Country,No. Injured,Total Affected,Total Impacted",0.5898586850152497,99.87651780201688,7
4,"Country,No. Injured,Total Affected,Fatality Rate",0.4588423802968579,99.60897303972011,4
4,"Country,No. Injured,Total Affected,Insured Damage ('000 US$)_corrigido",0.5595742174713813,99.48549084173698,7
4,"Country,No. Injured,Total Affected,Total Damage ('000 US$)_corrigido",0.5943646280861041,99.71187487137271,7
4,"Country,No. Injured,Number of Days,Total Impacted",0.5145391761400119,99.40316937641491,7
4,"Country,No. Injured,Number of Days,Fatality Rate",0.47492522411135224,99.44433010907593,5
4,"Country,No. Injured,Number of Days,Insured Damage ('000 US$)_corrigido",0.5166149363278305,99.3002675447623,6
4,"Country,No. Injured,Number of Days,Total Damage ('000 US$)_corrigido",0.5499661389321697,99.65013377238114,3
4,"Country,No. Injured,Total Impacted,Fatality Rate",0.45884211112815326,99.60897303972011,4
4,"Country,No. Injured,Total Impacted,Insured Damage ('000 US$)_corrigido",0.5595737977516544,99.48549084173698,7
4,"Country,No. Injured,Total Impacted,Total Damage ('000 US$)_corrigido",0.594364693808873,99.71187487137271,7
4,"Country,No. Injured,Fatality Rate,Insured Damage ('000 US$)_corrigido",0.5004585102373568,99.48549084173698,4
4,"Country,No. Injured,Fatality Rate,Total Damage ('000 US$)_corrigido",0.4886462584926379,99.65013377238114,4
4,"Country,No. Injured,Insured Damage ('000 US$)_corrigido,Total Damage ('000 US$)_corrigido",0.5666922452833458,99.48549084173698,6
4,"Country,No. Affected,No. Homeless,Total Affected",0.5472515894616791,99.71187487137271,5
4,"Country,No. Affected,No. Homeless,Number of Days",0.55291262396351,99.34142827742333,3
4,"Country,No. Affected,No. Homeless,Total Impacted",0.5515044686840762,99.6912945050422,5
4,"Country,No. Affected,No. Homeless,Fatality Rate",0.4599182500965594,99.54723194072854,3
4,"Country,No. Affected,No. Homeless,Insured Damage ('000 US$)_corrigido",0.5211329386470165,99.50607120806751,6
4,"Country,No. Affected,No. Homeless,Total Damage ('000 US$)_corrigido",0.5697288027943571,99.6912945050422,5
4,"Country,No. Affected,Total Affected,Number of Days",0.5620580710341538,99.3002675447623,7
4,"Country,No. Affected,Total Affected,Total Impacted",0.5555120079093289,99.56781230705907,7
4,"Country,No. Affected,Total Affected,Fatality Rate",0.46084951378003364,99.27968717843177,8
4,"Country,No. Affected,Total Affected,Insured Damage ('000 US$)_corrigido",0.5911925862541585,99.8970981683474,7
4,"Country,No. Affected,Total Affected,Total Damage ('000 US$)_corrigido",0.5644651305666987,99.8970981683474,5
4,"Country,No. Affected,Number of Days,Total Impacted",0.5620570029165521,99.3002675447623,7
4,"Country,No. Affected,Number of Days,Fatality Rate",0.45956165809034016,99.44433010907593,5
4,"Country,No. Affected,Number of Days,Insured Damage ('000 US$)_corrigido",0.5452809831070167,99.60897303972011,7
4,"Country,No. Affected,Number of Days,Total Damage ('000 US$)_corrigido",0.5189582574239429,99.15620498044865,7
4,"Country,No. Affected,Total Impacted,Fatality Rate",0.4608481354066647,99.3002675447623,8
4,"Country,No. Affected,Total Impacted,Insured Damage ('000 US$)_corrigido",0.5911908576517046,99.87651780201688,7
4,"Country,No. Affected,Total Impacted,Total Damage ('000 US$)_corrigido",0.5644643523417502,99.8970981683474,5
4,"Country,No. Affected,Fatality Rate,Insured Damage ('000 US$)_corrigido",0.4393433165014306,99.3002675447623,5
4,"Country,No. Affected,Fatality Rate,Total Damage ('000 US$)_corrigido",0.4538396016153543,99.11504424778761,10
4,"Country,No. Affected,Insured Damage ('000 US$)_corrigido,Total Damage ('000 US$)_corrigido",0.5669098449327594,99.60897303972011,5
4,"Country,No. Homeless,Total Affected,Number of Days",0.5529163302361548,99.34142827742333,3
4,"Country,No. Homeless,Total Affected,Total Impacted",0.5514853153625262,99.67071413871167,5
4,"Country,No. Homeless,Total Affected,Fatality Rate",0.4598461893088101,99.77361597036428,3
4,"Country,No. Homeless,Total Affected,Insured Damage ('000 US$)_corrigido",0.5219109525383017,99.1973657131097,10
4,"Country,No. Homeless,Total Affected,Total Damage ('000 US$)_corrigido",0.5640742803920693,99.65013377238114,5
4,"Country,No. Homeless,Number of Days,Total Impacted",0.5529161398637623,99.34142827742333,3
4,"Country,No. Homeless,Number of Days,Fatality Rate",0.47033403701142257,99.73245523770323,5
4,"Country,No. Homeless,Number of Days,Insured Damage ('000 US$)_corrigido",0.5517208879644094,99.67071413871167,7
4,"Country,No. Homeless,Number of Days,Total Damage ('000 US$)_corrigido",0.5398628304517197,99.71187487137271,7
4,"Country,No. Homeless,Total Impacted,Fatality Rate",0.459845837057566,99.77361597036428,3
4,"Country,No. Homeless,Total Impacted,Insured Damage ('000 US$)_corrigido",0.5219084835236963,99.23852644577073,10
4,"Country,No. Homeless,Total Impacted,Total Damage ('000 US$)_corrigido",0.5640735425641006,99.65013377238114,5
4,"Country,No. Homeless,Fatality Rate,Insured Damage ('000 US$)_corrigido",0.47537053379332794,99.67071413871167,3
4,"Country,No. Homeless,Fatality Rate,Total Damage ('000 US$)_corrigido",0.4776969525357633,99.38258901008437,4
4,"Country,No. Homeless,Insured Damage ('000 US$)_corrigido,Total Damage ('000 US$)_corrigido",0.5619765932610876,99.46491047540647,6
4,"Country,Total Affected,Number of Days,Total Impacted",0.5450644745536771,99.67071413871167,3
4,"Country,Total Affected,Number of Days,Fatality Rate",0.46324476436367573,99.52665157439803,5
4,"Country,Total Affected,Number of Days,Insured Damage ('000 US$)_corrigido",0.5442474141226336,99.48549084173698,7
4,"Country,Total Affected,Number of Days,Total Damage ('000 US$)_corrigido",0.49599953031790905,99.34142827742333,3
4,"Country,Total Affected,Total Impacted,Fatality Rate",0.4569082454210984,99.87651780201688,3
4,"Country,Total Affected,Total Impacted,Insured Damage ('000 US$)_corrigido",0.591015557878748,99.85593743568636,7
4,"Country,Total Affected,Total Impacted,Total Damage ('000 US$)_corrigido",0.5387315507712219,99.58839267338958,7
4,"Country,Total Affected,Fatality Rate,Insured Damage ('000 US$)_corrigido",0.4409945609237532,99.15620498044865,10
4,"Country,Total Affected,Fatality Rate,Total Damage ('000 US$)_corrigido",0.45350831819712106,99.65013377238114,3
4,"Country,Total Affected,Insured Damage ('000 US$)_corrigido,Total Damage ('000 US$)_corrigido",0.5670552879384394,99.56781230705907,5
4,"Country,Number of Days,Total Impacted,Fatality Rate",0.46324454782189545,99.52665157439803,5
4,"Country,Number of Days,Total Impacted,Insured Damage ('000 US$)_corrigido",0.5451911581202661,99.60897303972011,7
4,"Country,Number of Days,Total Impacted,Total Damage ('000 US$)_corrigido",0.49599974658018087,99.34142827742333,3
4,"Country,Number of Days,Fatality Rate,Insured Damage ('000 US$)_corrigido",0.46417040049714337,99.62955340605063,5
4,"Country,Number of Days,Fatality Rate,Total Damage ('000 US$)_corrigido",0.455802510694152,99.46491047540647,5
4,"Country,Number of Days,Insured Damage ('000 US$)_corrigido,Total Damage ('000 US$)_corrigido",0.5529651471043544,99.77361597036428,3
4,"Country,Total Impacted,Fatality Rate,Insured Damage ('000 US$)_corrigido",0.43927640493111736,99.15620498044865,5
4,"Country,Total Impacted,Fatality Rate,Total Damage ('000 US$)_corrigido",0.4535082607470387,99.65013377238114,3
4,"Country,Total Impacted,Insured Damage ('000 US$)_corrigido,Total Damage ('000 US$)_corrigido",0.5670544374884353,99.58839267338958,5
4,"Country,Fatality Rate,Insured Damage ('000 US$)_corrigido,Total Damage ('000 US$)_corrigido",0.46850948887578364,99.62955340605063,3
4,"Subregion,Region,OFDA/BHA Response,Appeal",0.8096994405651817,100.0,10
4,"Subregion,Region,OFDA/BHA Response,Declaration",0.7720296428095319,100.0,9
4,"Subregion,Region,OFDA/BHA Response,Start Year",0.4970769565590451,100.0,9
4,"Subregion,Region,OFDA/BHA Response,Start Month",0.4459347581638264,99.91767853467792,8
4,"Subregion,Region,OFDA/BHA Response,Total Deaths",0.7617070640239065,99.93825890100844,8
4,"Subregion,Region,OFDA/BHA Response,No. Injured",0.8016266946998405,99.87651780201688,8
4,"Subregion,Region,OFDA/BHA Response,No. Affected",0.7863054229606875,99.93825890100844,8
4,"Subregion,Region,OFDA/BHA Response,No. Homeless",0.8206045442151032,99.91767853467792,10
4,"Subregion,Region,OFDA/BHA Response,Total Affected",0.7506141073226534,99.91767853467792,8
4,"Subregion,Region,OFDA/BHA Response,Number of Days",0.6763187034777646,99.8970981683474,10
4,"Subregion,Region,OFDA/BHA Response,Total Impacted",0.7499302968109428,100.0,8
4,"Subregion,Region,OFDA/BHA Response,Fatality Rate",0.6111175586263677,99.8970981683474,9
4,"Subregion,Region,OFDA/BHA Response,Insured Damage ('000 US$)_corrigido",0.812255131894797,99.91767853467792,10
4,"Subregion,Region,OFDA/BHA Response,Total Damage ('000 US$)_corrigido",0.7603861749238664,99.87651780201688,10
4,"Subregion,Region,Appeal,Declaration",0.8141838489445303,100.0,9
4,"Subregion,Region,Appeal,Start Year",0.4930333617350764,99.91767853467792,9
4,"Subregion,Region,Appeal,Start Month",0.4497225867044937,100.0,8
4,"Subregion,Region,Appeal,Total Deaths",0.8190430332605066,99.95883926733896,8
4,"Subregion,Region,Appeal,No. Injured",0.8399580059934112,99.93825890100844,10
4,"Subregion,Region,Appeal,No. Affected",0.7766480488692595,99.91767853467792,10
4,"Subregion,Region,Appeal,No. Homeless",0.7972690528440289,99.93825890100844,9
4,"Subregion,Region,Appeal,Total Affected",0.7761450941566654,99.93825890100844,10
4,"Subregion,Region,Appeal,Number of Days",0.6975608415188082,99.87651780201688,9
4,"Subregion,Region,Appeal,Total Impacted",0.776139612524997,99.93825890100844,10
4,"Subregion,Region,Appeal,Fatality Rate",0.6161050493524085,99.95883926733896,9
4,"Subregion,Region,Appeal,Insured Damage ('000 US$)_corrigido",0.8060157814177028,99.97941963366948,8
4,"Subregion,Region,Appeal,Total Damage ('000 US$)_corrigido",0.7942962769273985,99.95883926733896,8
4,"Subregion,Region,Declaration,Start Year",0.48565971328819796,99.95883926733896,8
4,"Subregion,Region,Declaration,Start Month",0.4443567463339467,99.95883926733896,8
4,"Subregion,Region,Declaration,Total Deaths",0.8120097325027366,100.0,8
4,"Subregion,Region,Declaration,No. Injured",0.8025088526522871,99.87651780201688,8
4,"Subregion,Region,Declaration,No. Affected",0.7672552061683051,100.0,10
4,"Subregion,Region,Declaration,No. Homeless",0.8139218635827599,99.87651780201688,10
4,"Subregion,Region,Declaration,Total Affected",0.7898465038069306,99.95883926733896,8
4,"Subregion,Region,Declaration,Number of Days",0.6970186485582882,99.95883926733896,7
4,"Subregion,Region,Declaration,Total Impacted",0.7898445265814866,99.95883926733896,8
4,"Subregion,Region,Declaration,Fatality Rate",0.5884481578376226,99.91767853467792,10
4,"Subregion,Region,Declaration,Insured Damage ('000 US$)_corrigido",0.7984226858870878,99.93825890100844,8
4,"Subregion,Region,Declaration,Total Damage ('000 US$)_corrigido",0.7897857902203117,99.91767853467792,10
4,"Subregion,Region,Start Year,Start Month",0.28330417408954084,98.8063387528298,8
4,"Subregion,Region,Start Year,Total Deaths",0.4585085440692648,99.83535706935584,8
4,"Subregion,Region,Start Year,No. Injured",0.4496085207643347,99.6912945050422,9
4,"Subregion,Region,Start Year,No. Affected",0.4481886892377426,99.7941963366948,7
4,"Subregion,Region,Start Year,No. Homeless",0.4800662867723615,99.83535706935584,8
4,"Subregion,Region,Start Year,Total Affected",0.42264858905796965,99.85593743568636,6
4,"Subregion,Region,Start Year,Number of Days",0.4216252844375798,99.71187487137271,8
4,"Subregion,Region,Start Year,Total Impacted",0.4226486491501076,99.85593743568636,6
4,"Subregion,Region,Start Year,Fatality Rate",0.3592860692297768,98.9092405844824,10
4,"Subregion,Region,Start Year,Insured Damage ('000 US$)_corrigido",0.46846719846245793,99.83535706935584,7
4,"Subregion,Region,Start Year,Total Damage ('000 US$)_corrigido",0.44777446208345584,99.67071413871167,8
4,"Subregion,Region,Start Month,Total Deaths",0.43874218467092974,99.85593743568636,10
4,"Subregion,Region,Start Month,No. Injured",0.4425104984631258,99.7941963366948,7
4,"Subregion,Region,Start Month,No. Affected",0.41843610342274473,99.81477670302532,7
4,"Subregion,Region,Start Month,No. Homeless",0.40271466761833974,99.6912945050422,10
4,"Subregion,Region,Start Month,Total Affected",0.4240294025088655,99.87651780201688,7
4,"Subregion,Region,Start Month,Number of Days",0.38309589444429337,99.81477670302532,7
4,"Subregion,Region,Start Month,Total Impacted",0.41874247681001936,99.81477670302532,7
4,"Subregion,Region,Start Month,Fatality Rate",0.3501749907776312,98.99156204980449,9
4,"Subregion,Region,Start Month,Insured Damage ('000 US$)_corrigido",0.4158582486390046,99.93825890100844,7
4,"Subregion,Region,Start Month,Total Damage ('000 US$)_corrigido",0.43280490268062044,99.73245523770323,8
4,"Subregion,Region,Total Deaths,No. Injured",0.791466948626543,99.83535706935584,8
4,"Subregion,Region,Total Deaths,No. Affected",0.7543784721748199,99.83535706935584,10
4,"Subregion,Region,Total Deaths,No. Homeless",0.8195017445300861,99.91767853467792,9
4,"Subregion,Region,Total Deaths,Total Affected",0.7712068759425492,99.81477670302532,8
4,"Subregion,Region,Total Deaths,Number of Days",0.7072525172634995,99.8970981683474,10
4,"Subregion,Region,Total Deaths,Total Impacted",0.7350461343281444,99.81477670302532,8
4,"Subregion,Region,Total Deaths,Fatality Rate",0.6003150158318286,99.54723194072854,10
4,"Subregion,Region,Total Deaths,Insured Damage ('000 US$)_corrigido",0.7569460736308644,99.85593743568636,8
4,"Subregion,Region,Total Deaths,Total Damage ('000 US$)_corrigido",0.7655236206775938,99.8970981683474,8
4,"Subregion,Region,No. Injured,No. Affected",0.7642249214572214,99.7941963366948,10
4,"Subregion,Region,No. Injured,No. Homeless",0.7950223531067322,99.71187487137271,8
4,"Subregion,Region,No. Injured,Total Affected",0.7597307054309104,99.85593743568636,8
4,"Subregion,Region,No. Injured,Number of Days",0.7008519817854962,99.85593743568636,8
4,"Subregion,Region,No. Injured,Total Impacted",0.7597291535531385,99.85593743568636,8
4,"Subregion,Region,No. Injured,Fatality Rate",0.6043796181159649,99.85593743568636,8
4,"Subregion,Region,No. Injured,Insured Damage ('000 US$)_corrigido",0.799946522185495,99.93825890100844,10
4,"Subregion,Region,No. Injured,Total Damage ('000 US$)_corrigido",0.7784714844807836,99.85593743568636,8
4,"Subregion,Region,No. Affected,No. Homeless",0.7529478906848447,99.7941963366948,8
4,"Subregion,Region,No. Affected,Total Affected",0.7065243835487316,99.93825890100844,10
4,"Subregion,Region,No. Affected,Number of Days",0.6491654481675629,99.91767853467792,5
4,"Subregion,Region,No. Affected,Total Impacted",0.7065170871383362,99.93825890100844,10
4,"Subregion,Region,No. Affected,Fatality Rate",0.5537246194283573,99.91767853467792,8
4,"Subregion,Region,No. Affected,Insured Damage ('000 US$)_corrigido",0.7749595836859305,99.91767853467792,10
4,"Subregion,Region,No. Affected,Total Damage ('000 US$)_corrigido",0.7222177364489092,99.87651780201688,10
4,"Subregion,Region,No. Homeless,Total Affected",0.7528767087458706,99.7941963366948,8
4,"Subregion,Region,No. Homeless,Number of Days",0.6887008268555452,99.77361597036428,8
4,"Subregion,Region,No. Homeless,Total Impacted",0.752870872251446,99.7941963366948,8
4,"Subregion,Region,No. Homeless,Fatality Rate",0.5847873081897011,99.8970981683474,10
4,"Subregion,Region,No. Homeless,Insured Damage ('000 US$)_corrigido",0.7890960513761994,99.83535706935584,8
4,"Subregion,Region,No. Homeless,Total Damage ('000 US$)_corrigido",0.7584753037882538,99.77361597036428,10
4,"Subregion,Region,Total Affected,Number of Days",0.6722946112393842,99.73245523770323,8
4,"Subregion,Region,Total Affected,Total Impacted",0.7239279002912429,99.95883926733896,5
4,"Subregion,Region,Total Affected,Fatality Rate",0.5697056554243246,99.91767853467792,8
4,"Subregion,Region,Total Affected,Insured Damage ('000 US$)_corrigido",0.7744648539905755,99.91767853467792,10
4,"Subregion,Region,Total Affected,Total Damage ('000 US$)_corrigido",0.7103666117971856,99.85593743568636,5
4,"Subregion,Region,Number of Days,Total Impacted",0.6722936426161075,99.73245523770323,8
4,"Subregion,Region,Number of Days,Fatality Rate",0.5434282748846139,99.71187487137271,10
4,"Subregion,Region,Number of Days,Insured Damage ('000 US$)_corrigido",0.6855121372918167,99.75303560403374,8
4,"Subregion,Region,Number of Days,Total Damage ('000 US$)_corrigido",0.6652327979858016,99.91767853467792,8
4,"Subregion,Region,Total Impacted,Fatality Rate",0.5731709950640523,99.77361597036428,8
4,"Subregion,Region,Total Impacted,Insured Damage ('000 US$)_corrigido",0.7744593896110352,99.91767853467792,10
4,"Subregion,Region,Total Impacted,Total Damage ('000 US$)_corrigido",0.7399070043801668,99.87651780201688,10
4,"Subregion,Region,Fatality Rate,Insured Damage ('000 US$)_corrigido",0.5706385957462916,99.77361597036428,8
4,"Subregion,Region,Fatality Rate,Total Damage ('000 US$)_corrigido",0.5641027880911607,99.75303560403374,10
4,"Subregion,Region,Insured Damage ('000 US$)_corrigido,Total Damage ('000 US$)_corrigido",0.7454568568092015,99.81477670302532,10
4,"Subregion,OFDA/BHA Response,Appeal,Declaration",0.773349576655169,100.0,6
4,"Subregion,OFDA/BHA Response,Appeal,Start Year",0.5294801211672098,99.91767853467792,7
4,"Subregion,OFDA/BHA Response,Appeal,Start Month",0.4931078802146803,100.0,7
4,"Subregion,OFDA/BHA Response,Appeal,Total Deaths",0.7600437129852031,99.95883926733896,4
4,"Subregion,OFDA/BHA Response,Appeal,No. Injured",0.7358264898365563,99.87651780201688,7
4,"Subregion,OFDA/BHA Response,Appeal,No. Affected",0.7793417481184612,99.93825890100844,3
4,"Subregion,OFDA/BHA Response,Appeal,No. Homeless",0.7800048294422853,99.97941963366948,3
4,"Subregion,OFDA/BHA Response,Appeal,Total Affected",0.7793255988710358,99.93825890100844,3
4,"Subregion,OFDA/BHA Response,Appeal,Number of Days",0.7691244961305903,100.0,3
4,"Subregion,OFDA/BHA Response,Appeal,Total Impacted",0.7793256810354084,99.93825890100844,3
4,"Subregion,OFDA/BHA Response,Appeal,Fatality Rate",0.6331486368759804,100.0,6
4,"Subregion,OFDA/BHA Response,Appeal,Insured Damage ('000 US$)_corrigido",0.7559312658173863,99.95883926733896,10
4,"Subregion,OFDA/BHA Response,Appeal,Total Damage ('000 US$)_corrigido",0.7622125082730853,99.85593743568636,10
4,"Subregion,OFDA/BHA Response,Declaration,Start Year",0.5943872127724777,100.0,3
4,"Subregion,OFDA/BHA Response,Declaration,Start Month",0.49763076307620047,99.97941963366948,7
4,"Subregion,OFDA/BHA Response,Declaration,Total Deaths",0.7603210207782349,99.95883926733896,4
4,"Subregion,OFDA/BHA Response,Declaration,No. Injured",0.7386011741364911,99.81477670302532,9
4,"Subregion,OFDA/BHA Response,Declaration,No. Affected",0.721369270404513,99.95883926733896,3
4,"Subregion,OFDA/BHA Response,Declaration,No. Homeless",0.755960281892582,99.87651780201688,4
4,"Subregion,OFDA/BHA Response,Declaration,Total Affected",0.6881844283049873,99.8970981683474,7
4,"Subregion,OFDA/BHA Response,Declaration,Number of Days",0.7021582327211766,99.93825890100844,5
4,"Subregion,OFDA/BHA Response,Declaration,Total Impacted",0.6881818846744001,99.8970981683474,7
4,"Subregion,OFDA/BHA Response,Declaration,Fatality Rate",0.6395154195117041,99.87651780201688,7
4,"Subregion,OFDA/BHA Response,Declaration,Insured Damage ('000 US$)_corrigido",0.7253909793086004,99.81477670302532,8
4,"Subregion,OFDA/BHA Response,Declaration,Total Damage ('000 US$)_corrigido",0.76436899706133,99.91767853467792,10
4,"Subregion,OFDA/BHA Response,Start Year,Start Month",0.3466997957424281,98.66227618851615,8
4,"Subregion,OFDA/BHA Response,Start Year,Total Deaths",0.5172527911116616,99.91767853467792,5
4,"Subregion,OFDA/BHA Response,Start Year,No. Injured",0.5194195910494095,99.91767853467792,5
4,"Subregion,OFDA/BHA Response,Start Year,No. Affected",0.4994702344503811,99.75303560403374,5
4,"Subregion,OFDA/BHA Response,Start Year,No. Homeless",0.5181840108219719,99.81477670302532,5
4,"Subregion,OFDA/BHA Response,Start Year,Total Affected",0.49944644378570074,99.75303560403374,5
4,"Subregion,OFDA/BHA Response,Start Year,Number of Days",0.4859564891525613,99.60897303972011,6
4,"Subregion,OFDA/BHA Response,Start Year,Total Impacted",0.4994465575136844,99.75303560403374,5
4,"Subregion,OFDA/BHA Response,Start Year,Fatality Rate",0.43148615601711054,98.88866021815188,8
4,"Subregion,OFDA/BHA Response,Start Year,Insured Damage ('000 US$)_corrigido",0.5114885395972654,99.65013377238114,5
4,"Subregion,OFDA/BHA Response,Start Year,Total Damage ('000 US$)_corrigido",0.49431645136374347,99.67071413871167,6
4,"Subregion,OFDA/BHA Response,Start Month,Total Deaths",0.4845614381043841,99.75303560403374,5
4,"Subregion,OFDA/BHA Response,Start Month,No. Injured",0.48392576031661033,99.7941963366948,5
4,"Subregion,OFDA/BHA Response,Start Month,No. Affected",0.43570884360855233,99.8970981683474,3
4,"Subregion,OFDA/BHA Response,Start Month,No. Homeless",0.4755022606579587,99.93825890100844,5
4,"Subregion,OFDA/BHA Response,Start Month,Total Affected",0.46480142557117377,99.93825890100844,5
4,"Subregion,OFDA/BHA Response,Start Month,Number of Days",0.4393947182307293,99.71187487137271,5
4,"Subregion,OFDA/BHA Response,Start Month,Total Impacted",0.4648014458800801,99.93825890100844,5
4,"Subregion,OFDA/BHA Response,Start Month,Fatality Rate",0.409793389713998,99.25910681210125,9
4,"Subregion,OFDA/BHA Response,Start Month,Insured Damage ('000 US$)_corrigido",0.4774493277020544,99.83535706935584,5
4,"Subregion,OFDA/BHA Response,Start Month,Total Damage ('000 US$)_corrigido",0.4644396461855506,99.7941963366948,5
4,"Subregion,OFDA/BHA Response,Total Deaths,No. Injured",0.7241481004487557,99.83535706935584,7
4,"Subregion,OFDA/BHA Response,Total Deaths,No. Affected",0.689696806364389,99.77361597036428,9
4,"Subregion,OFDA/BHA Response,Total Deaths,No. Homeless",0.7200554196088402,99.81477670302532,7
4,"Subregion,OFDA/BHA Response,Total Deaths,Total Affected",0.6890931471777255,99.83535706935584,9
4,"Subregion,OFDA/BHA Response,Total Deaths,Number of Days",0.6621770737613765,99.6912945050422,3
4,"Subregion,OFDA/BHA Response,Total Deaths,Total Impacted",0.6890936784557589,99.83535706935584,9
4,"Subregion,OFDA/BHA Response,Total Deaths,Fatality Rate",0.6282964393515431,99.83535706935584,5
4,"Subregion,OFDA/BHA Response,Total Deaths,Insured Damage ('000 US$)_corrigido",0.7414282698938123,99.8970981683474,3
4,"Subregion,OFDA/BHA Response,Total Deaths,Total Damage ('000 US$)_corrigido",0.7321966302955476,99.85593743568636,3
4,"Subregion,OFDA/BHA Response,No. Injured,No. Affected",0.7005140509955952,99.75303560403374,10
4,"Subregion,OFDA/BHA Response,No. Injured,No. Homeless",0.7254240000739137,99.71187487137271,8
4,"Subregion,OFDA/BHA Response,No. Injured,Total Affected",0.7181600344618415,99.75303560403374,10
4,"Subregion,OFDA/BHA Response,No. Injured,Number of Days",0.6388315381194953,99.87651780201688,7
4,"Subregion,OFDA/BHA Response,No. Injured,Total Impacted",0.7181507960002453,99.73245523770323,10
4,"Subregion,OFDA/BHA Response,No. Injured,Fatality Rate",0.6267176521296769,99.85593743568636,5
4,"Subregion,OFDA/BHA Response,No. Injured,Insured Damage ('000 US$)_corrigido",0.7436712744979738,99.85593743568636,3
4,"Subregion,OFDA/BHA Response,No. Injured,Total Damage ('000 US$)_corrigido",0.7027580563403656,99.85593743568636,7
4,"Subregion,OFDA/BHA Response,No. Affected,No. Homeless",0.7237370724061567,99.8970981683474,3
4,"Subregion,OFDA/BHA Response,No. Affected,Total Affected",0.7140659826378698,99.97941963366948,9
4,"Subregion,OFDA/BHA Response,No. Affected,Number of Days",0.6448734076002927,99.77361597036428,3
4,"Subregion,OFDA/BHA Response,No. Affected,Total Impacted",0.7140577947804901,99.97941963366948,9
4,"Subregion,OFDA/BHA Response,No. Affected,Fatality Rate",0.6071533721930162,99.91767853467792,5
4,"Subregion,OFDA/BHA Response,No. Affected,Insured Damage ('000 US$)_corrigido",0.7206741060858041,99.8970981683474,3
4,"Subregion,OFDA/BHA Response,No. Affected,Total Damage ('000 US$)_corrigido",0.6752698848670933,99.83535706935584,8
4,"Subregion,OFDA/BHA Response,No. Homeless,Total Affected",0.7237355962864185,99.8970981683474,3
4,"Subregion,OFDA/BHA Response,No. Homeless,Number of Days",0.6898724116559816,99.91767853467792,4
4,"Subregion,OFDA/BHA Response,No. Homeless,Total Impacted",0.7237352334091026,99.8970981683474,3
4,"Subregion,OFDA/BHA Response,No. Homeless,Fatality Rate",0.6238289947194604,99.81477670302532,5
4,"Subregion,OFDA/BHA Response,No. Homeless,Insured Damage ('000 US$)_corrigido",0.7407251448703652,99.8970981683474,3
4,"Subregion,OFDA/BHA Response,No. Homeless,Total Damage ('000 US$)_corrigido",0.7276781932727132,99.8970981683474,3
4,"Subregion,OFDA/BHA Response,Total Affected,Number of Days",0.6448421735569406,99.77361597036428,3
4,"Subregion,OFDA/BHA Response,Total Affected,Total Impacted",0.7136741742957853,99.95883926733896,9
4,"Subregion,OFDA/BHA Response,Total Affected,Fatality Rate",0.6068659301279355,99.6912945050422,5
4,"Subregion,OFDA/BHA Response,Total Affected,Insured Damage ('000 US$)_corrigido",0.7206029634597362,99.8970981683474,3
4,"Subregion,OFDA/BHA Response,Total Affected,Total Damage ('000 US$)_corrigido",0.661681645895395,99.73245523770323,10
4,"Subregion,OFDA/BHA Response,Number of Days,Total Impacted",0.6448419945128079,99.77361597036428,3
4,"Subregion,OFDA/BHA Response,Number of Days,Fatality Rate",0.5136793197493554,99.6912945050422,10
4,"Subregion,OFDA/BHA Response,Number of Days,Insured Damage ('000 US$)_corrigido",0.6505599360938896,99.97941963366948,3
4,"Subregion,OFDA/BHA Response,Number of Days,Total Damage ('000 US$)_corrigido",0.6398078003941753,99.7941963366948,3
4,"Subregion,OFDA/BHA Response,Total Impacted,Fatality Rate",0.6068656036950094,99.6912945050422,5
4,"Subregion,OFDA/BHA Response,Total Impacted,Insured Damage ('000 US$)_corrigido",0.7206028327503625,99.8970981683474,3
4,"Subregion,OFDA/BHA Response,Total Impacted,Total Damage ('000 US$)_corrigido",0.6603397119091416,99.75303560403374,10
4,"Subregion,OFDA/BHA Response,Fatality Rate,Insured Damage ('000 US$)_corrigido",0.6199541138022231,99.71187487137271,5
4,"Subregion,OFDA/BHA Response,Fatality Rate,Total Damage ('000 US$)_corrigido",0.609044572993805,99.65013377238114,5
4,"Subregion,OFDA/BHA Response,Insured Damage ('000 US$)_corrigido,Total Damage ('000 US$)_corrigido",0.7299830171049001,99.91767853467792,3
4,"Subregion,Appeal,Declaration,Start Year",0.5997018145656586,100.0,3
4,"Subregion,Appeal,Declaration,Start Month",0.4985093029847667,99.97941963366948,6
4,"Subregion,Appeal,Declaration,Total Deaths",0.7693169121071575,99.97941963366948,4
4,"Subregion,Appeal,Declaration,No. Injured",0.7477437157436554,99.87651780201688,8
4,"Subregion,Appeal,Declaration,No. Affected",0.7452474428371257,99.95883926733896,4
4,"Subregion,Appeal,Declaration,No. Homeless",0.7652075258425404,99.93825890100844,4
4,"Subregion,Appeal,Declaration,Total Affected",0.7451598471361073,99.95883926733896,4
4,"Subregion,Appeal,Declaration,Number of Days",0.7099407078261508,99.91767853467792,5
4,"Subregion,Appeal,Declaration,Total Impacted",0.7451594689948741,99.95883926733896,4
4,"Subregion,Appeal,Declaration,Fatality Rate",0.640640012179858,99.77361597036428,6
4,"Subregion,Appeal,Declaration,Insured Damage ('000 US$)_corrigido",0.768600235910943,99.83535706935584,10
4,"Subregion,Appeal,Declaration,Total Damage ('000 US$)_corrigido",0.7503033683298299,99.91767853467792,4
4,"Subregion,Appeal,Start Year,Start Month",0.3440852793268199,98.88866021815188,9
4,"Subregion,Appeal,Start Year,Total Deaths",0.5001100589864926,99.93825890100844,5
4,"Subregion,Appeal,Start Year,No. Injured",0.49737138920534457,99.85593743568636,5
4,"Subregion,Appeal,Start Year,No. Affected",0.4897826202787046,99.95883926733896,5
4,"Subregion,Appeal,Start Year,No. Homeless",0.5115113128504558,99.85593743568636,5
4,"Subregion,Appeal,Start Year,Total Affected",0.494676892323018,99.73245523770323,5
4,"Subregion,Appeal,Start Year,Number of Days",0.7026000991134852,99.95883926733896,3
4,"Subregion,Appeal,Start Year,Total Impacted",0.4946769804306808,99.73245523770323,5
4,"Subregion,Appeal,Start Year,Fatality Rate",0.43616948628999036,99.1973657131097,8
4,"Subregion,Appeal,Start Year,Insured Damage ('000 US$)_corrigido",0.5042949870728567,99.77361597036428,5
4,"Subregion,Appeal,Start Year,Total Damage ('000 US$)_corrigido",0.49672475285549245,99.85593743568636,5
4,"Subregion,Appeal,Start Month,Total Deaths",0.48347827100409735,99.77361597036428,5
4,"Subregion,Appeal,Start Month,No. Injured",0.4791223079414308,99.77361597036428,5
4,"Subregion,Appeal,Start Month,No. Affected",0.4651508955236,99.7941963366948,5
4,"Subregion,Appeal,Start Month,No. Homeless",0.48115457576105797,99.7941963366948,5
4,"Subregion,Appeal,Start Month,Total Affected",0.45474187677301703,99.87651780201688,5
4,"Subregion,Appeal,Start Month,Number of Days",0.45228454770241283,99.71187487137271,6
4,"Subregion,Appeal,Start Month,Total Impacted",0.454741919964902,99.87651780201688,5
4,"Subregion,Appeal,Start Month,Fatality Rate",0.409195620063129,99.34142827742333,8
4,"Subregion,Appeal,Start Month,Insured Damage ('000 US$)_corrigido",0.4776761198706539,99.75303560403374,5
4,"Subregion,Appeal,Start Month,Total Damage ('000 US$)_corrigido",0.46543569905072296,99.7941963366948,5
4,"Subregion,Appeal,Total Deaths,No. Injured",0.7923748204768111,99.83535706935584,10
4,"Subregion,Appeal,Total Deaths,No. Affected",0.7274776805550649,99.93825890100844,3
4,"Subregion,Appeal,Total Deaths,No. Homeless",0.7672691972956245,99.75303560403374,10
4,"Subregion,Appeal,Total Deaths,Total Affected",0.7274070903580426,99.93825890100844,3
4,"Subregion,Appeal,Total Deaths,Number of Days",0.6566717102051663,99.62955340605063,9
4,"Subregion,Appeal,Total Deaths,Total Impacted",0.7274074165101614,99.93825890100844,3
4,"Subregion,Appeal,Total Deaths,Fatality Rate",0.6278060700671607,99.81477670302532,5
4,"Subregion,Appeal,Total Deaths,Insured Damage ('000 US$)_corrigido",0.7428803917626472,99.97941963366948,3
4,"Subregion,Appeal,Total Deaths,Total Damage ('000 US$)_corrigido",0.7322082533548282,99.93825890100844,3
4,"Subregion,Appeal,No. Injured,No. Affected",0.7215125755155529,99.81477670302532,10
4,"Subregion,Appeal,No. Injured,No. Homeless",0.7706096365549989,99.7941963366948,10
4,"Subregion,Appeal,No. Injured,Total Affected",0.6881874419215781,99.75303560403374,10
4,"Subregion,Appeal,No. Injured,Number of Days",0.6928481022005161,99.83535706935584,4
4,"Subregion,Appeal,No. Injured,Total Impacted",0.6881794902765923,99.75303560403374,10
4,"Subregion,Appeal,No. Injured,Fatality Rate",0.5688484978294354,99.75303560403374,4
4,"Subregion,Appeal,No. Injured,Insured Damage ('000 US$)_corrigido",0.7365743861094629,99.81477670302532,10
4,"Subregion,Appeal,No. Injured,Total Damage ('000 US$)_corrigido",0.666621062992671,99.71187487137271,10
4,"Subregion,Appeal,No. Affected,No. Homeless",0.7217718127957311,99.8970981683474,3
4,"Subregion,Appeal,No. Affected,Total Affected",0.7207273287339144,99.97941963366948,3
4,"Subregion,Appeal,No. Affected,Number of Days",0.6774710722013461,99.67071413871167,4
4,"Subregion,Appeal,No. Affected,Total Impacted",0.7207268050866967,99.97941963366948,3
4,"Subregion,Appeal,No. Affected,Fatality Rate",0.6037334509631144,99.65013377238114,5
4,"Subregion,Appeal,No. Affected,Insured Damage ('000 US$)_corrigido",0.719535272350763,99.93825890100844,3
4,"Subregion,Appeal,No. Affected,Total Damage ('000 US$)_corrigido",0.7094714853807421,99.95883926733896,3
4,"Subregion,Appeal,No. Homeless,Total Affected",0.7217589391750227,99.8970981683474,3
4,"Subregion,Appeal,No. Homeless,Number of Days",0.6902568087217623,99.81477670302532,4
4,"Subregion,Appeal,No. Homeless,Total Impacted",0.7217584988626434,99.8970981683474,3
4,"Subregion,Appeal,No. Homeless,Fatality Rate",0.6247563529914387,99.77361597036428,5
4,"Subregion,Appeal,No. Homeless,Insured Damage ('000 US$)_corrigido",0.7420754626275273,99.91767853467792,3
4,"Subregion,Appeal,No. Homeless,Total Damage ('000 US$)_corrigido",0.7278336414795622,99.93825890100844,3
4,"Subregion,Appeal,Total Affected,Number of Days",0.6774177676362929,99.67071413871167,4
4,"Subregion,Appeal,Total Affected,Total Impacted",0.7206696327357269,99.97941963366948,3
4,"Subregion,Appeal,Total Affected,Fatality Rate",0.6020713305863165,99.83535706935584,5
4,"Subregion,Appeal,Total Affected,Insured Damage ('000 US$)_corrigido",0.7194471639133472,99.93825890100844,3
4,"Subregion,Appeal,Total Affected,Total Damage ('000 US$)_corrigido",0.7094211548866343,99.95883926733896,3
4,"Subregion,Appeal,Number of Days,Total Impacted",0.6774176841352951,99.6912945050422,4
4,"Subregion,Appeal,Number of Days,Fatality Rate",0.5795872863822302,99.83535706935584,6
4,"Subregion,Appeal,Number of Days,Insured Damage ('000 US$)_corrigido",0.6871606421961736,99.87651780201688,4
4,"Subregion,Appeal,Number of Days,Total Damage ('000 US$)_corrigido",0.6354040131706533,99.91767853467792,3
4,"Subregion,Appeal,Total Impacted,Fatality Rate",0.6020709087250774,99.83535706935584,5
4,"Subregion,Appeal,Total Impacted,Insured Damage ('000 US$)_corrigido",0.7194468125905614,99.93825890100844,3
4,"Subregion,Appeal,Total Impacted,Total Damage ('000 US$)_corrigido",0.7094209382231909,99.95883926733896,3
4,"Subregion,Appeal,Fatality Rate,Insured Damage ('000 US$)_corrigido",0.6193142145772943,99.7941963366948,5
4,"Subregion,Appeal,Fatality Rate,Total Damage ('000 US$)_corrigido",0.6050724284487891,99.73245523770323,5
4,"Subregion,Appeal,Insured Damage ('000 US$)_corrigido,Total Damage ('000 US$)_corrigido",0.7308862508617294,99.97941963366948,3
4,"Subregion,Declaration,Start Year,Start Month",0.3500420366245121,99.012142416135,8
4,"Subregion,Declaration,Start Year,Total Deaths",0.5147920946290316,99.93825890100844,5
4,"Subregion,Declaration,Start Year,No. Injured",0.5129927650719237,99.87651780201688,5
4,"Subregion,Declaration,Start Year,No. Affected",0.4919763836547763,99.71187487137271,5
4,"Subregion,Declaration,Start Year,No. Homeless",0.5221019538160651,99.85593743568636,5
4,"Subregion,Declaration,Start Year,Total Affected",0.4919478218123251,99.73245523770323,5
4,"Subregion,Declaration,Start Year,Number of Days",0.49019288171756537,99.67071413871167,6
4,"Subregion,Declaration,Start Year,Total Impacted",0.49194790639021113,99.73245523770323,5
4,"Subregion,Declaration,Start Year,Fatality Rate",0.4463206921533856,99.012142416135,9
4,"Subregion,Declaration,Start Year,Insured Damage ('000 US$)_corrigido",0.5119702409271364,99.75303560403374,5
4,"Subregion,Declaration,Start Year,Total Damage ('000 US$)_corrigido",0.4800501952630417,99.81477670302532,4
4,"Subregion,Declaration,Start Month,Total Deaths",0.4904464575790665,99.83535706935584,5
4,"Subregion,Declaration,Start Month,No. Injured",0.49056438778513517,99.87651780201688,5
4,"Subregion,Declaration,Start Month,No. Affected",0.4454185259918833,99.93825890100844,3
4,"Subregion,Declaration,Start Month,No. Homeless",0.4679264840037111,99.93825890100844,4
4,"Subregion,Declaration,Start Month,Total Affected",0.4454040016596124,99.93825890100844,3
4,"Subregion,Declaration,Start Month,Number of Days",0.44717620442088224,99.75303560403374,5
4,"Subregion,Declaration,Start Month,Total Impacted",0.4454039646839878,99.93825890100844,3
4,"Subregion,Declaration,Start Month,Fatality Rate",0.4158290528359161,99.50607120806751,9
4,"Subregion,Declaration,Start Month,Insured Damage ('000 US$)_corrigido",0.4875674991249817,99.91767853467792,5
4,"Subregion,Declaration,Start Month,Total Damage ('000 US$)_corrigido",0.4769027629147821,99.7941963366948,5
4,"Subregion,Declaration,Total Deaths,No. Injured",0.7897774570408183,99.8970981683474,10
4,"Subregion,Declaration,Total Deaths,No. Affected",0.7357537861822189,99.83535706935584,3
4,"Subregion,Declaration,Total Deaths,No. Homeless",0.764934635823639,99.77361597036428,10
4,"Subregion,Declaration,Total Deaths,Total Affected",0.7356920376215847,99.83535706935584,3
4,"Subregion,Declaration,Total Deaths,Number of Days",0.665809025049209,99.91767853467792,3
4,"Subregion,Declaration,Total Deaths,Total Impacted",0.7356922907926086,99.83535706935584,3
4,"Subregion,Declaration,Total Deaths,Fatality Rate",0.6341760832665595,99.65013377238114,5
4,"Subregion,Declaration,Total Deaths,Insured Damage ('000 US$)_corrigido",0.7563587209691697,99.95883926733896,3
4,"Subregion,Declaration,Total Deaths,Total Damage ('000 US$)_corrigido",0.7417006688540199,99.85593743568636,3
4,"Subregion,Declaration,No. Injured,No. Affected",0.6881852905171169,99.87651780201688,7
4,"Subregion,Declaration,No. Injured,No. Homeless",0.7151510631492033,99.7941963366948,10
4,"Subregion,Declaration,No. Injured,Total Affected",0.6869358731556425,99.6912945050422,8
4,"Subregion,Declaration,No. Injured,Number of Days",0.6659856886384844,99.83535706935584,3
4,"Subregion,Declaration,No. Injured,Total Impacted",0.6869288130109051,99.6912945050422,8
4,"Subregion,Declaration,No. Injured,Fatality Rate",0.6325495477292976,99.7941963366948,5
4,"Subregion,Declaration,No. Injured,Insured Damage ('000 US$)_corrigido",0.7159134263671613,99.83535706935584,10
4,"Subregion,Declaration,No. Injured,Total Damage ('000 US$)_corrigido",0.688615837416372,99.81477670302532,7
4,"Subregion,Declaration,No. Affected,No. Homeless",0.6781478818446688,99.83535706935584,7
4,"Subregion,Declaration,No. Affected,Total Affected",0.7080574250260103,99.85593743568636,8
4,"Subregion,Declaration,No. Affected,Number of Days",0.6995840614678439,99.87651780201688,3
4,"Subregion,Declaration,No. Affected,Total Impacted",0.7080519944672012,99.85593743568636,8
4,"Subregion,Declaration,No. Affected,Fatality Rate",0.5516093026736503,99.73245523770323,7
4,"Subregion,Declaration,No. Affected,Insured Damage ('000 US$)_corrigido",0.7306654291382453,99.93825890100844,3
4,"Subregion,Declaration,No. Affected,Total Damage ('000 US$)_corrigido",0.649280579326795,99.87651780201688,9
4,"Subregion,Declaration,No. Homeless,Total Affected",0.6825768988239924,99.7941963366948,10
4,"Subregion,Declaration,No. Homeless,Number of Days",0.7112346621120711,99.83535706935584,5
4,"Subregion,Declaration,No. Homeless,Total Impacted",0.6825665334214397,99.81477670302532,10
4,"Subregion,Declaration,No. Homeless,Fatality Rate",0.6299859576033157,99.8970981683474,5
4,"Subregion,Declaration,No. Homeless,Insured Damage ('000 US$)_corrigido",0.7532193913071722,99.93825890100844,3
4,"Subregion,Declaration,No. Homeless,Total Damage ('000 US$)_corrigido",0.7391044575453035,99.91767853467792,3
4,"Subregion,Declaration,Total Affected,Number of Days",0.6479084668260587,99.85593743568636,3
4,"Subregion,Declaration,Total Affected,Total Impacted",0.7082823261278633,99.93825890100844,8
4,"Subregion,Declaration,Total Affected,Fatality Rate",0.6086034067265309,99.81477670302532,5
4,"Subregion,Declaration,Total Affected,Insured Damage ('000 US$)_corrigido",0.730584578678713,99.93825890100844,3
4,"Subregion,Declaration,Total Affected,Total Damage ('000 US$)_corrigido",0.6272858697719486,99.85593743568636,4
4,"Subregion,Declaration,Number of Days,Total Impacted",0.6479082322094757,99.85593743568636,3
4,"Subregion,Declaration,Number of Days,Fatality Rate",0.588624396396385,99.81477670302532,7
4,"Subregion,Declaration,Number of Days,Insured Damage ('000 US$)_corrigido",0.6886649102658645,99.83535706935584,4
4,"Subregion,Declaration,Number of Days,Total Damage ('000 US$)_corrigido",0.6494484658941639,99.75303560403374,3
4,"Subregion,Declaration,Total Impacted,Fatality Rate",0.6082870049816013,99.71187487137271,5
4,"Subregion,Declaration,Total Impacted,Insured Damage ('000 US$)_corrigido",0.7305842277540435,99.93825890100844,3
4,"Subregion,Declaration,Total Impacted,Total Damage ('000 US$)_corrigido",0.7196003497260696,99.91767853467792,3
4,"Subregion,Declaration,Fatality Rate,Insured Damage ('000 US$)_corrigido",0.6266889003074284,99.73245523770323,5
4,"Subregion,Declaration,Fatality Rate,Total Damage ('000 US$)_corrigido",0.6157129947752901,99.81477670302532,5
4,"Subregion,Declaration,Insured Damage ('000 US$)_corrigido,Total Damage ('000 US$)_corrigido",0.7436678958684046,99.91767853467792,3
4,"Subregion,Start Year,Start Month,Total Deaths",0.32719351127062807,98.68285655484668,8
4,"Subregion,Start Year,Start Month,No. Injured",0.32360713958648046,98.60053508952458,7
4,"Subregion,Start Year,Start Month,No. Affected",0.31370670190266486,98.62111545585512,7
4,"Subregion,Start Year,Start Month,No. Homeless",0.33514236803225517,98.88866021815188,7
4,"Subregion,Start Year,Start Month,Total Affected",0.31370109940653484,98.51821362420252,7
4,"Subregion,Start Year,Start Month,Number of Days",0.2944831213109047,98.20950812924471,7
4,"Subregion,Start Year,Start Month,Total Impacted",0.31370122116959737,98.60053508952458,7
4,"Subregion,Start Year,Start Month,Fatality Rate",0.2822265723480175,97.05700761473554,10
4,"Subregion,Start Year,Start Month,Insured Damage ('000 US$)_corrigido",0.3049848378758492,98.66227618851615,8
4,"Subregion,Start Year,Start Month,Total Damage ('000 US$)_corrigido",0.29551344729287726,98.55937435686354,8
4,"Subregion,Start Year,Total Deaths,No. Injured",0.4710234561353793,99.93825890100844,3
4,"Subregion,Start Year,Total Deaths,No. Affected",0.4855378122695841,99.67071413871167,4
4,"Subregion,Start Year,Total Deaths,No. Homeless",0.46563398326491673,99.91767853467792,3
4,"Subregion,Start Year,Total Deaths,Total Affected",0.4855082679369446,99.71187487137271,4
4,"Subregion,Start Year,Total Deaths,Number of Days",0.434332501558412,99.81477670302532,4
4,"Subregion,Start Year,Total Deaths,Total Impacted",0.48550849410498276,99.71187487137271,4
4,"Subregion,Start Year,Total Deaths,Fatality Rate",0.4047173915587073,98.72401728750772,10
4,"Subregion,Start Year,Total Deaths,Insured Damage ('000 US$)_corrigido",0.5021237884716798,99.71187487137271,4
4,"Subregion,Start Year,Total Deaths,Total Damage ('000 US$)_corrigido",0.49342712984927495,99.56781230705907,4
4,"Subregion,Start Year,No. Injured,No. Affected",0.4875060113924909,99.75303560403374,5
4,"Subregion,Start Year,No. Injured,No. Homeless",0.4663197415566427,99.81477670302532,3
4,"Subregion,Start Year,No. Injured,Total Affected",0.4498064613484818,99.77361597036428,3
4,"Subregion,Start Year,No. Injured,Number of Days",0.4672060523832907,99.56781230705907,5
4,"Subregion,Start Year,No. Injured,Total Impacted",0.44980660267838796,99.77361597036428,3
4,"Subregion,Start Year,No. Injured,Fatality Rate",0.3992428817985827,98.47705289154148,9
4,"Subregion,Start Year,No. Injured,Insured Damage ('000 US$)_corrigido",0.464039221524944,99.75303560403374,3
4,"Subregion,Start Year,No. Injured,Total Damage ('000 US$)_corrigido",0.49141965833310247,99.6912945050422,4
4,"Subregion,Start Year,No. Affected,No. Homeless",0.4499046248878115,99.77361597036428,3
4,"Subregion,Start Year,No. Affected,Total Affected",0.4600121566375004,99.83535706935584,5
4,"Subregion,Start Year,No. Affected,Number of Days",0.4562060377089964,99.60897303972011,5
4,"Subregion,Start Year,No. Affected,Total Impacted",0.4600118967863226,99.83535706935584,5
4,"Subregion,Start Year,No. Affected,Fatality Rate",0.4089521775813617,99.012142416135,7
4,"Subregion,Start Year,No. Affected,Insured Damage ('000 US$)_corrigido",0.44515221922818893,99.65013377238114,3
4,"Subregion,Start Year,No. Affected,Total Damage ('000 US$)_corrigido",0.468959383829664,99.71187487137271,4
4,"Subregion,Start Year,No. Homeless,Total Affected",0.44489582132205746,99.67071413871167,3
4,"Subregion,Start Year,No. Homeless,Number of Days",0.4694156601046916,99.50607120806751,5
4,"Subregion,Start Year,No. Homeless,Total Impacted",0.4448958390749912,99.67071413871167,3
4,"Subregion,Start Year,No. Homeless,Fatality Rate",0.42486417024300704,98.82691911916032,7
4,"Subregion,Start Year,No. Homeless,Insured Damage ('000 US$)_corrigido",0.4638015244788111,99.6912945050422,3
4,"Subregion,Start Year,No. Homeless,Total Damage ('000 US$)_corrigido",0.4409989986732668,99.44433010907593,5
4,"Subregion,Start Year,Total Affected,Number of Days",0.4561846213839194,99.6912945050422,5
4,"Subregion,Start Year,Total Affected,Total Impacted",0.44345161066021577,99.77361597036428,3
4,"Subregion,Start Year,Total Affected,Fatality Rate",0.3956275219548639,99.07388351512657,7
4,"Subregion,Start Year,Total Affected,Insured Damage ('000 US$)_corrigido",0.44513572682010005,99.65013377238114,3
4,"Subregion,Start Year,Total Affected,Total Damage ('000 US$)_corrigido",0.4688480212309907,99.73245523770323,4
4,"Subregion,Start Year,Number of Days,Total Impacted",0.45618455164370175,99.6912945050422,5
4,"Subregion,Start Year,Number of Days,Fatality Rate",0.4054035077169588,98.72401728750772,9
4,"Subregion,Start Year,Number of Days,Insured Damage ('000 US$)_corrigido",0.4610403372540812,99.60897303972011,5
4,"Subregion,Start Year,Number of Days,Total Damage ('000 US$)_corrigido",0.44535796524437576,99.44433010907593,5
4,"Subregion,Start Year,Total Impacted,Fatality Rate",0.3956800314637677,98.95040131714345,7
4,"Subregion,Start Year,Total Impacted,Insured Damage ('000 US$)_corrigido",0.4451357857931517,99.65013377238114,3
4,"Subregion,Start Year,Total Impacted,Total Damage ('000 US$)_corrigido",0.46884812413750093,99.73245523770323,4
4,"Subregion,Start Year,Fatality Rate,Insured Damage ('000 US$)_corrigido",0.39176194150640153,98.82691911916032,8
4,"Subregion,Start Year,Fatality Rate,Total Damage ('000 US$)_corrigido",0.4132659429593773,98.8063387528298,7
4,"Subregion,Start Year,Insured Damage ('000 US$)_corrigido,Total Damage ('000 US$)_corrigido",0.4497124942251003,99.75303560403374,3
4,"Subregion,Start Month,Total Deaths,No. Injured",0.45452657314978023,99.81477670302532,3
4,"Subregion,Start Month,Total Deaths,No. Affected",0.4629862329885897,99.62955340605063,5
4,"Subregion,Start Month,Total Deaths,No. Homeless",0.4583435328089557,99.65013377238114,4
4,"Subregion,Start Month,Total Deaths,Total Affected",0.4310211562456831,99.71187487137271,4
4,"Subregion,Start Month,Total Deaths,Number of Days",0.3952929780537158,99.62955340605063,4
4,"Subregion,Start Month,Total Deaths,Total Impacted",0.4310213954667954,99.71187487137271,4
4,"Subregion,Start Month,Total Deaths,Fatality Rate",0.3840435750023894,99.13562461411813,5
4,"Subregion,Start Month,Total Deaths,Insured Damage ('000 US$)_corrigido",0.42492799966954825,99.58839267338958,5
4,"Subregion,Start Month,Total Deaths,Total Damage ('000 US$)_corrigido",0.46766363704230235,99.75303560403374,5
4,"Subregion,Start Month,No. Injured,No. Affected",0.43253864975754897,99.6912945050422,3
4,"Subregion,Start Month,No. Injured,No. Homeless",0.4477400658515713,99.91767853467792,3
4,"Subregion,Start Month,No. Injured,Total Affected",0.43252173051403625,99.6912945050422,3
4,"Subregion,Start Month,No. Injured,Number of Days",0.4009587208707079,99.54723194072854,3
4,"Subregion,Start Month,No. Injured,Total Impacted",0.43252183713879944,99.6912945050422,3
4,"Subregion,Start Month,No. Injured,Fatality Rate",0.38009994894906307,99.03272278246553,5
4,"Subregion,Start Month,No. Injured,Insured Damage ('000 US$)_corrigido",0.4259802587810755,99.54723194072854,5
4,"Subregion,Start Month,No. Injured,Total Damage ('000 US$)_corrigido",0.42356930656173697,99.60897303972011,3
4,"Subregion,Start Month,No. Affected,No. Homeless",0.4388944240456579,99.73245523770323,4
4,"Subregion,Start Month,No. Affected,Total Affected",0.419495013575913,99.85593743568636,3
4,"Subregion,Start Month,No. Affected,Number of Days",0.4323853934897747,99.75303560403374,5
4,"Subregion,Start Month,No. Affected,Total Impacted",0.4194948715821119,99.85593743568636,3
4,"Subregion,Start Month,No. Affected,Fatality Rate",0.34742124051477524,99.15620498044865,8
4,"Subregion,Start Month,No. Affected,Insured Damage ('000 US$)_corrigido",0.4605143299112298,99.75303560403374,5
4,"Subregion,Start Month,No. Affected,Total Damage ('000 US$)_corrigido",0.4076057772416482,99.58839267338958,3
4,"Subregion,Start Month,No. Homeless,Total Affected",0.43417434291618123,99.56781230705907,4
4,"Subregion,Start Month,No. Homeless,Number of Days",0.42987724585663756,99.46491047540647,5
4,"Subregion,Start Month,No. Homeless,Total Impacted",0.43417418641833655,99.54723194072854,4
4,"Subregion,Start Month,No. Homeless,Fatality Rate",0.391347400987377,99.11504424778761,7
4,"Subregion,Start Month,No. Homeless,Insured Damage ('000 US$)_corrigido",0.43240105944375024,99.77361597036428,3
4,"Subregion,Start Month,No. Homeless,Total Damage ('000 US$)_corrigido",0.436467867054475,99.81477670302532,3
4,"Subregion,Start Month,Total Affected,Number of Days",0.43304163600392986,99.54723194072854,5
4,"Subregion,Start Month,Total Affected,Total Impacted",0.4213431481450363,99.87651780201688,3
4,"Subregion,Start Month,Total Affected,Fatality Rate",0.35431510317570275,98.97098168347397,10
4,"Subregion,Start Month,Total Affected,Insured Damage ('000 US$)_corrigido",0.4250544282853332,99.77361597036428,4
4,"Subregion,Start Month,Total Affected,Total Damage ('000 US$)_corrigido",0.42931363840156184,99.71187487137271,4
4,"Subregion,Start Month,Number of Days,Total Impacted",0.43304139840469863,99.54723194072854,5
4,"Subregion,Start Month,Number of Days,Fatality Rate",0.3790886153313772,98.9092405844824,9
4,"Subregion,Start Month,Number of Days,Insured Damage ('000 US$)_corrigido",0.4356575358485334,99.71187487137271,5
4,"Subregion,Start Month,Number of Days,Total Damage ('000 US$)_corrigido",0.4291203596662288,99.54723194072854,5
4,"Subregion,Start Month,Total Impacted,Fatality Rate",0.3521208140447579,98.88866021815188,7
4,"Subregion,Start Month,Total Impacted,Insured Damage ('000 US$)_corrigido",0.42505436345641745,99.77361597036428,4
4,"Subregion,Start Month,Total Impacted,Total Damage ('000 US$)_corrigido",0.42931373178234083,99.71187487137271,4
4,"Subregion,Start Month,Fatality Rate,Insured Damage ('000 US$)_corrigido",0.391269177723676,98.88866021815188,7
4,"Subregion,Start Month,Fatality Rate,Total Damage ('000 US$)_corrigido",0.3740243144558808,98.95040131714345,5
4,"Subregion,Start Month,Insured Damage ('000 US$)_corrigido,Total Damage ('000 US$)_corrigido",0.436778965282529,99.75303560403374,3
4,"Subregion,Total Deaths,No. Injured,No. Affected",0.659087386127017,99.67071413871167,10
4,"Subregion,Total Deaths,No. Injured,No. Homeless",0.7184728045091416,99.81477670302532,10
4,"Subregion,Total Deaths,No. Injured,Total Affected",0.6425995699325439,99.7941963366948,5
4,"Subregion,Total Deaths,No. Injured,Number of Days",0.6220506997339835,99.75303560403374,9
4,"Subregion,Total Deaths,No. Injured,Total Impacted",0.7105667304217783,99.62955340605063,10
4,"Subregion,Total Deaths,No. Injured,Fatality Rate",0.6197328332008357,99.87651780201688,4
4,"Subregion,Total Deaths,No. Injured,Insured Damage ('000 US$)_corrigido",0.6901330579675038,99.87651780201688,7
4,"Subregion,Total Deaths,No. Injured,Total Damage ('000 US$)_corrigido",0.6872425312626127,99.71187487137271,7
4,"Subregion,Total Deaths,No. Affected,No. Homeless",0.6725655153018235,99.58839267338958,10
4,"Subregion,Total Deaths,No. Affected,Total Affected",0.5927767378203813,99.73245523770323,9
4,"Subregion,Total Deaths,No. Affected,Number of Days",0.6038573047350713,99.65013377238114,7
4,"Subregion,Total Deaths,No. Affected,Total Impacted",0.592776656835631,99.73245523770323,9
4,"Subregion,Total Deaths,No. Affected,Fatality Rate",0.5908958200427764,99.73245523770323,4
4,"Subregion,Total Deaths,No. Affected,Insured Damage ('000 US$)_corrigido",0.6638422886329709,99.60897303972011,7
4,"Subregion,Total Deaths,No. Affected,Total Damage ('000 US$)_corrigido",0.630171466598105,99.73245523770323,4
4,"Subregion,Total Deaths,No. Homeless,Total Affected",0.6618422702222655,99.73245523770323,7
4,"Subregion,Total Deaths,No. Homeless,Number of Days",0.6836147915365212,99.77361597036428,3
4,"Subregion,Total Deaths,No. Homeless,Total Impacted",0.6618424510339427,99.73245523770323,7
4,"Subregion,Total Deaths,No. Homeless,Fatality Rate",0.6142654036182914,99.75303560403374,4
4,"Subregion,Total Deaths,No. Homeless,Insured Damage ('000 US$)_corrigido",0.6715522015426084,99.85593743568636,9
4,"Subregion,Total Deaths,No. Homeless,Total Damage ('000 US$)_corrigido",0.6644853545237995,99.73245523770323,7
4,"Subregion,Total Deaths,Total Affected,Number of Days",0.6037289323512943,99.56781230705907,7
4,"Subregion,Total Deaths,Total Affected,Total Impacted",0.5917813646771798,99.75303560403374,3
4,"Subregion,Total Deaths,Total Affected,Fatality Rate",0.5893969629251293,99.75303560403374,4
4,"Subregion,Total Deaths,Total Affected,Insured Damage ('000 US$)_corrigido",0.659424602323602,99.71187487137271,7
4,"Subregion,Total Deaths,Total Affected,Total Damage ('000 US$)_corrigido",0.630087209298163,99.75303560403374,4
4,"Subregion,Total Deaths,Number of Days,Total Impacted",0.6037288812807919,99.56781230705907,7
4,"Subregion,Total Deaths,Number of Days,Fatality Rate",0.5709508717157038,99.73245523770323,5
4,"Subregion,Total Deaths,Number of Days,Insured Damage ('000 US$)_corrigido",0.6178790610328332,99.62955340605063,9
4,"Subregion,Total Deaths,Number of Days,Total Damage ('000 US$)_corrigido",0.6695625245071113,99.83535706935584,3
4,"Subregion,Total Deaths,Total Impacted,Fatality Rate",0.589397168873013,99.75303560403374,4
4,"Subregion,Total Deaths,Total Impacted,Insured Damage ('000 US$)_corrigido",0.6633326990649223,99.71187487137271,7
4,"Subregion,Total Deaths,Total Impacted,Total Damage ('000 US$)_corrigido",0.6300878193025624,99.75303560403374,4
4,"Subregion,Total Deaths,Fatality Rate,Insured Damage ('000 US$)_corrigido",0.6131067011895238,99.6912945050422,4
4,"Subregion,Total Deaths,Fatality Rate,Total Damage ('000 US$)_corrigido",0.6022595125999508,99.46491047540647,5
4,"Subregion,Total Deaths,Insured Damage ('000 US$)_corrigido,Total Damage ('000 US$)_corrigido",0.6870060024620039,99.52665157439803,10
4,"Subregion,No. Injured,No. Affected,No. Homeless",0.6867201120165767,99.73245523770323,8
4,"Subregion,No. Injured,No. Affected,Total Affected",0.7030665784174077,99.73245523770323,10
4,"Subregion,No. Injured,No. Affected,Number of Days",0.5879304092213038,99.52665157439803,10
4,"Subregion,No. Injured,No. Affected,Total Impacted",0.703057784663013,99.73245523770323,10
4,"Subregion,No. Injured,No. Affected,Fatality Rate",0.5877551395975164,99.81477670302532,4
4,"Subregion,No. Injured,No. Affected,Insured Damage ('000 US$)_corrigido",0.6752409782655241,99.91767853467792,7
4,"Subregion,No. Injured,No. Affected,Total Damage ('000 US$)_corrigido",0.637853756167224,99.36200864375387,9
4,"Subregion,No. Injured,No. Homeless,Total Affected",0.6697785721201335,99.93825890100844,7
4,"Subregion,No. Injured,No. Homeless,Number of Days",0.6164159655404471,99.7941963366948,7
4,"Subregion,No. Injured,No. Homeless,Total Impacted",0.6697705598491038,99.93825890100844,7
4,"Subregion,No. Injured,No. Homeless,Fatality Rate",0.5748148993800504,99.81477670302532,5
4,"Subregion,No. Injured,No. Homeless,Insured Damage ('000 US$)_corrigido",0.727527823080295,99.83535706935584,10
4,"Subregion,No. Injured,No. Homeless,Total Damage ('000 US$)_corrigido",0.685632603244461,99.62955340605063,10
4,"Subregion,No. Injured,Total Affected,Number of Days",0.5876727415593325,99.56781230705907,10
4,"Subregion,No. Injured,Total Affected,Total Impacted",0.6945446769527391,99.93825890100844,7
4,"Subregion,No. Injured,Total Affected,Fatality Rate",0.5877199918373064,99.81477670302532,4
4,"Subregion,No. Injured,Total Affected,Insured Damage ('000 US$)_corrigido",0.6740061130237481,99.85593743568636,7
4,"Subregion,No. Injured,Total Affected,Total Damage ('000 US$)_corrigido",0.6381753071342401,99.54723194072854,9
4,"Subregion,No. Injured,Number of Days,Total Impacted",0.5876698806912205,99.56781230705907,10
4,"Subregion,No. Injured,Number of Days,Fatality Rate",0.5728199055824492,99.7941963366948,5
4,"Subregion,No. Injured,Number of Days,Insured Damage ('000 US$)_corrigido",0.60425797048992,99.60897303972011,10
4,"Subregion,No. Injured,Number of Days,Total Damage ('000 US$)_corrigido",0.5899409398647326,99.56781230705907,7
4,"Subregion,No. Injured,Total Impacted,Fatality Rate",0.5877196174642332,99.81477670302532,4
4,"Subregion,No. Injured,Total Impacted,Insured Damage ('000 US$)_corrigido",0.6740002826849362,99.85593743568636,7
4,"Subregion,No. Injured,Total Impacted,Total Damage ('000 US$)_corrigido",0.6388401010382728,99.36200864375387,9
4,"Subregion,No. Injured,Fatality Rate,Insured Damage ('000 US$)_corrigido",0.5874682909029137,99.73245523770323,5
4,"Subregion,No. Injured,Fatality Rate,Total Damage ('000 US$)_corrigido",0.6077464335514667,99.6912945050422,5
4,"Subregion,No. Injured,Insured Damage ('000 US$)_corrigido,Total Damage ('000 US$)_corrigido",0.7028132391092118,99.60897303972011,10
